0,0,1,1,1,1,1,1,1,1,1,1,1,1,1,1,1,1,1,1,1,1,0,0,0,0,0,0,0,0,1,1,1,1,1,1
1,1,1.1,1.1,1.1,1.1,1.1,1,1,1.05,1.05,1.05,1.05,1,1,1,1,1,1,1,1,1.02,0,0,0,0,0,0,1,1,1.1,1,1.05,1,1,1
2,2,1.2,1.2,1.2,1.2,1.2,1,1,1.1,1.1,1.1,1.1,1,1,1,1,1,1,1,1,1.04,0,0,0,0,0,0,2,2,1.2,1,1.1,1,1.2,1
3,3,1.3,1.3,1.3,1.3,1.3,1,1,1.15,1.15,1.15,1.15,1,1,1,1,1,1,1,1,1.06,0,0,0,0,0,0,3,3,1.3,1,1.15,1,1.4,1
4,4,1.4,1.4,1.4,1.4,1.4,1,1,1.2,1.2,1.2,1.2,1,1,1,1,1,1,1,1,1.08,0,0,0,0,0,0,4,4,1.4,1,1.2,1,1.6,1
5,5,1.5,1.5,1.5,1.5,1.5,1,1,1.23,1.23,1.23,1.23,1,1,1,1,1,1,1,1,1.1,0,0,0,0,0,0,5,5,1.5,1,1.23,1,1.8,1
6,6,1.6,1.6,1.6,1.6,1.6,1,1,1.26,1.26,1.26,1.26,1,1,1,1,1,1,1,1,1.12,0,0,0,0,0,0,6,6,1.6,1,1.26,1,2,1
7,7,1.7,1.7,1.7,1.7,1.7,1,1,1.29,1.29,1.29,1.29,1,1,1,1,1,1,1,1,1.14,0,0,0,0,0,0,7,7,1.7,1,1.29,1,2.2,1
8,8,1.8,1.8,1.8,1.8,1.8,1,1,1.32,1.32,1.32,1.32,1,1,1,1,1,1,1,1,1.16,0,0,0,0,0,0,8,8,1.8,1,1.32,1,2.4,1
9,9,1.9,1.9,1.9,1.9,1.9,1,1,1.35,1.35,1.35,1.35,1,1,1,1,1,1,1,1,1.18,0,0,0,0,0,0,9,9,1.9,1,1.35,1,2.6,1
10,10,2,2,2,2,2,1,1,1.4,1.4,1.4,1.4,1,1,1,1,1,1,1,1,1.2,0,0,0,0,0,0,10,10,2,1,1.4,1,3,1
100,11,0.98,1,1,1,1,1,1,1.6,0,1,1,1,1,1,1,1,1,1,1,1,0,0,0,0,0,0,0,0,1,1,1,1,1.5,1
101,12,1.067,1.1,1.1,1.1,1.1,1,1,1.66,0,1.05,1.05,1,1,1,1,1,1,1,1,1.01,0,0,0,0,0,0,1,1,1.1,1,1,1,1.5,1
102,13,1.154,1.2,1.2,1.2,1.2,1,1,1.72,0,1.1,1.1,1,1,1,1,1,1,1,1,1.02,0,0,0,0,0,0,2,2,1.2,1,1,1,1.75,1
103,14,1.241,1.3,1.3,1.3,1.3,1,1,1.78,0,1.15,1.15,1,1,1,1,1,1,1,1,1.03,0,0,0,0,0,0,3,3,1.3,1,1,1,2,1
104,15,1.328,1.4,1.4,1.4,1.4,1,1,1.85,0,1.2,1.2,1,1,1,1,1,1,1,1,1.04,0,0,0,0,0,0,4,4,1.4,1,1,1,2.25,1
105,16,1.415,1.5,1.5,1.5,1.5,1,1,1.89,0,1.23,1.23,1,1,1,1,1,1,1,1,1.05,0,0,0,0,0,0,5,5,1.5,1,1,1,2.5,1
106,17,1.502,1.6,1.6,1.6,1.6,1,1,1.93,0,1.26,1.26,1,1,1,1,1,1,1,1,1.06,0,0,0,0,0,0,6,6,1.6,1,1,1,2.75,1
107,18,1.589,1.7,1.7,1.7,1.7,1,1,1.97,0,1.29,1.29,1,1,1,1,1,1,1,1,1.07,0,0,0,0,0,0,7,7,1.7,1,1,1,3,1
108,19,1.676,1.8,1.8,1.8,1.8,1,1,2.01,0,1.32,1.32,1,1,1,1,1,1,1,1,1.08,0,0,0,0,0,0,8,8,1.8,1,1,1,3.25,1
109,20,1.763,1.9,1.9,1.9,1.9,1,1,2.05,0,1.35,1.35,1,1,1,1,1,1,1,1,1.09,0,0,0,0,0,0,9,9,1.9,1,1,1,3.5,1
110,21,1.85,2,2,2,2,1,1,2.1,0,1.4,1.4,1,1,1,1,1,1,1,1,1.1,0,0,0,0,0,0,10,10,2,1,1,1,4,1
200,22,0.95,1,1,1,1,1,1,0.95,1.6,1,1,1,1,1,1,1,1,1,1,1,0,0,0,0,0,0,0,0,1,1,1,1,1.5,1
201,23,1.04,1.1,1.1,1.1,1.1,1,1,0.97,1.69,1.05,1.05,1,1,1,1,1,1,1,1,1.01,0,0,0,0,0,0,1,1,1.1,1,1,1,1.5,1
202,24,1.13,1.2,1.2,1.2,1.2,1,1,0.99,1.78,1.1,1.1,1,1,1,1,1,1,1,1,1.02,0,0,0,0,0,0,2,2,1.2,1,1,1,1.75,1
203,25,1.22,1.3,1.3,1.3,1.3,1,1,1.01,1.87,1.15,1.15,1,1,1,1,1,1,1,1,1.03,0,0,0,0,0,0,3,3,1.3,1,1,1,2,1
204,26,1.31,1.4,1.4,1.4,1.4,1,1,1.02,1.97,1.19,1.19,1,1,1,1,1,1,1,1,1.04,0,0,0,0,0,0,4,4,1.4,1,1,1,2.25,1
205,27,1.4,1.5,1.5,1.5,1.5,1,1,1.03,2.04,1.23,1.23,1,1,1,1,1,1,1,1,1.05,0,0,0,0,0,0,5,5,1.5,1,1,1,2.5,1
206,28,1.49,1.6,1.6,1.6,1.6,1,1,1.04,2.11,1.27,1.27,1,1,1,1,1,1,1,1,1.06,0,0,0,0,0,0,6,6,1.6,1,1,1,2.75,1
207,29,1.58,1.7,1.7,1.7,1.7,1,1,1.05,2.18,1.31,1.31,1,1,1,1,1,1,1,1,1.07,0,0,0,0,0,0,7,7,1.7,1,1,1,3,1
208,30,1.67,1.8,1.8,1.8,1.8,1,1,1.06,2.25,1.35,1.35,1,1,1,1,1,1,1,1,1.08,0,0,0,0,0,0,8,8,1.8,1,1,1,3.25,1
209,31,1.76,1.9,1.9,1.9,1.9,1,1,1.07,2.32,1.39,1.39,1,1,1,1,1,1,1,1,1.09,0,0,0,0,0,0,9,9,1.9,1,1,1,3.5,1
210,32,1.85,2,2,2,2,1,1,1.1,2.4,1.4,1.4,1,1,1,1,1,1,1,1,1.1,0,0,0,0,0,0,10,10,2,1,1,1,4,1
300,33,0.9,1,1,1,1,1,1,1.25,1.25,1,1,1,1,1,1,1,1,1,1,1,0,0,0,0,0,0,0,0,1,1,1,1,1.5,1
301,34,0.99,1.1,1.1,1.1,1.1,1,1,1.31,1.31,1.07,1.07,1,1,1,1,1,1,1,1,1.01,0,0,0,0,0,0,1,1,1.1,1,1,1,1.5,1
302,35,1.08,1.2,1.2,1.2,1.2,1,1,1.37,1.37,1.14,1.14,1,1,1,1,1,1,1,1,1.02,0,0,0,0,0,0,2,2,1.2,1,1,1,1.75,1
303,36,1.17,1.3,1.3,1.3,1.3,1,1,1.43,1.43,1.21,1.21,1,1,1,1,1,1,1,1,1.03,0,0,0,0,0,0,3,3,1.3,1,1,1,2,1
304,37,1.26,1.4,1.4,1.4,1.4,1,1,1.5,1.5,1.29,1.29,1,1,1,1,1,1,1,1,1.04,0,0,0,0,0,0,4,4,1.4,1,1,1,2.25,1
305,38,1.35,1.5,1.5,1.5,1.5,1,1,1.52,1.52,1.31,1.31,1,1,1,1,1,1,1,1,1.05,0,0,0,0,0,0,5,5,1.5,1,1,1,2.5,1
306,39,1.44,1.6,1.6,1.6,1.6,1,1,1.54,1.54,1.33,1.33,1,1,1,1,1,1,1,1,1.06,0,0,0,0,0,0,6,6,1.6,1,1,1,2.75,1
307,40,1.53,1.7,1.7,1.7,1.7,1,1,1.56,1.56,1.35,1.35,1,1,1,1,1,1,1,1,1.07,0,0,0,0,0,0,7,7,1.7,1,1,1,3,1
308,41,1.62,1.8,1.8,1.8,1.8,1,1,1.58,1.58,1.37,1.37,1,1,1,1,1,1,1,1,1.08,0,0,0,0,0,0,8,8,1.8,1,1,1,3.25,1
309,42,1.71,1.9,1.9,1.9,1.9,1,1,1.6,1.6,1.39,1.39,1,1,1,1,1,1,1,1,1.09,0,0,0,0,0,0,9,9,1.9,1,1,1,3.5,1
310,43,1.8,2,2,2,2,1,1,1.6,1.6,1.4,1.4,1,1,1,1,1,1,1,1,1.1,0,0,0,0,0,0,10,10,2,1,1,1,4,1
400,44,0.75,0.75,1,1,1,1,1,0.5,0.5,0.9,0.9,0.95,1,0.95,0.95,0.95,0.95,0.95,0.95,1,0,0,0,0,0,0,0,0,1,0.95,1,0.95,1.5,1
401,45,0.77,0.805,1,1,1.1,1,1,0.56,0.56,1,1,0.95,1.01,0.95,0.95,0.95,0.95,0.95,0.95,1,0,0,0,0,0,0,1,1,1,0.95,1,0.95,1.5,1
402,46,0.79,0.86,1,1,1.2,1,1,0.62,0.62,1.1,1.1,0.95,1.02,0.95,0.95,0.95,0.95,0.95,0.95,1,0,0,0,0,0,0,2,2,1,0.95,1,0.95,1.75,1
403,47,0.81,0.915,1,1,1.3,1,1,0.68,0.68,1.2,1.2,0.95,1.03,0.95,0.95,0.95,0.95,0.95,0.95,1,0,0,0,0,0,0,3,3,1,0.95,1,0.95,2,1
404,48,0.83,0.97,1,1,1.4,1,1,0.75,0.75,1.28,1.28,0.95,1.04,0.95,0.95,0.95,0.95,0.95,0.95,1,0,0,0,0,0,0,4,4,1,0.95,1,0.95,2.25,1
405,49,0.85,1.025,1,1,1.5,1,1,0.79,0.79,1.34,1.34,0.95,1.05,0.95,0.95,0.95,0.95,0.95,0.95,1,0,0,0,0,0,0,5,5,1,0.95,1,0.95,2.5,1
406,50,0.87,1.08,1,1,1.6,1,1,0.83,0.83,1.4,1.4,0.95,1.06,0.95,0.95,0.95,0.95,0.95,0.95,1,0,0,0,0,0,0,6,6,1,0.95,1,0.95,2.75,1
407,51,0.89,1.135,1,1,1.7,1,1,0.87,0.87,1.46,1.46,0.95,1.07,0.95,0.95,0.95,0.95,0.95,0.95,1,0,0,0,0,0,0,7,7,1,0.95,1,0.95,3,1
408,52,0.91,1.19,1,1,1.8,1,1,0.91,0.91,1.52,1.52,0.95,1.08,0.95,0.95,0.95,0.95,0.95,0.95,1,0,0,0,0,0,0,8,8,1,0.95,1,0.95,3.25,1
409,53,0.93,1.245,1,1,1.9,1,1,0.95,0.95,1.58,1.58,0.95,1.09,0.95,0.95,0.95,0.95,0.95,0.95,1,0,0,0,0,0,0,9,9,1,0.95,1,0.95,3.5,1
410,54,0.95,1.3,1,1,2,1,1,1,1,1.65,1.65,0.95,1.1,0.95,0.95,0.95,0.95,0.95,0.95,1,0,0,0,0,0,0,10,10,1,0.95,1,0.95,4,1
500,55,0.75,0.75,1,1,1,1,1,0.7,0.7,0.5,0.5,0.95,1,0.95,0.95,0.95,0.95,0.95,0.95,1,0,0,0,0,0,0,0,0,1,0.95,1,0.95,1.5,1
501,56,0.775,0.79,1,1,1.1,1,1,0.78,0.78,0.61,0.61,0.95,1.01,0.95,0.95,0.95,0.95,0.95,0.95,1,0,0,0,1,0,0,1,1,1,0.95,1,0.95,1.5,1
502,57,0.8,0.83,1,1,1.2,1,1,0.86,0.86,0.72,0.72,0.95,1.02,0.95,0.95,0.95,0.95,0.95,0.95,1,0,0,0,2,0,0,2,2,1,0.95,1,0.95,1.75,1
503,58,0.825,0.87,1,1,1.3,1,1,0.94,0.94,0.83,0.83,0.95,1.03,0.95,0.95,0.95,0.95,0.95,0.95,1,0,0,0,3,0,0,3,3,1,0.95,1,0.95,2,1
504,59,0.85,0.91,1,1,1.4,1,1,1,1,0.95,0.95,0.95,1.04,0.95,0.95,0.95,0.95,0.95,0.95,1,0,0,0,4,0,0,4,4,1,0.95,1,0.95,2.25,1
505,60,0.875,0.95,1,1,1.5,1,1,1.05,1.05,1.03,1.03,0.95,1.05,0.95,0.95,0.95,0.95,0.95,0.95,1,0,0,0,5,0,0,5,5,1,0.95,1,0.95,2.5,1
506,61,0.9,0.99,1,1,1.6,1,1,1.1,1.1,1.11,1.11,0.95,1.06,0.95,0.95,0.95,0.95,0.95,0.95,1,0,0,0,6,0,0,6,6,1,0.95,1,0.95,2.75,1
507,62,0.925,1.03,1,1,1.7,1,1,1.15,1.15,1.19,1.19,0.95,1.07,0.95,0.95,0.95,0.95,0.95,0.95,1,0,0,0,7,0,0,7,7,1,0.95,1,0.95,3,1
508,63,0.95,1.07,1,1,1.8,1,1,1.2,1.2,1.27,1.27,0.95,1.08,0.95,0.95,0.95,0.95,0.95,0.95,1,0,0,0,8,0,0,8,8,1,0.95,1,0.95,3.25,1
509,64,0.975,1.11,1,1,1.9,1,1,1.25,1.25,1.35,1.35,0.95,1.09,0.95,0.95,0.95,0.95,0.95,0.95,1,0,0,0,9,0,0,9,9,1,0.95,1,0.95,3.5,1
510,65,1,1.15,1,1,2,1,1,1.3,1.3,1.4,1.4,0.95,1.1,0.95,0.95,0.95,0.95,0.95,0.95,1,0,0,0,10,0,0,10,10,1,0.95,1,0.95,4,1
600,66,0.9,1,0.9,1,1,1,1,0,0,0,0,0.95,0.95,1.1,0.95,0.95,0.95,0.95,0.95,1,0,0,0,0,0,0,0,0,1,0.95,0,0.95,1.5,1
601,67,0.975,1,0.975,1,1.1,1,1,0,0,0,0,0.95,0.95,1.11,0.95,0.95,0.95,0.95,0.95,1,0,0,0,0,0,0,1,1,1,0.95,0,0.95,1.5,1
602,68,1.05,1,1.05,1,1.2,1,1,0,0,0,0,0.95,0.95,1.12,0.95,0.95,0.95,0.95,0.95,1,0,0,0,0,0,0,2,2,1,0.95,0,0.95,1.75,1
603,69,1.125,1,1.125,1,1.3,1,1,0,0,0,0,0.95,0.95,1.13,0.95,0.95,0.95,0.95,0.95,1,0,0,0,0,0,0,3,3,1,0.95,0,0.95,2,1
604,70,1.2,1,1.2,1,1.4,1,1,0,0,0,0,0.95,0.95,1.14,0.95,0.95,0.95,0.95,0.95,1,0,0,0,0,0,0,4,4,1,0.95,0,0.95,2.25,1
605,71,1.275,1,1.275,1,1.5,1,1,0,0,0,0,0.95,0.95,1.15,0.95,0.95,0.95,0.95,0.95,1,0,0,0,0,0,0,5,5,1,0.95,0,0.95,2.5,1
606,72,1.35,1,1.35,1,1.6,1,1,0,0,0,0,0.95,0.95,1.16,0.95,0.95,0.95,0.95,0.95,1,0,0,0,0,0,0,6,6,1,0.95,0,0.95,2.75,1
607,73,1.425,1,1.425,1,1.7,1,1,0,0,0,0,0.95,0.95,1.17,0.95,0.95,0.95,0.95,0.95,1,0,0,0,0,0,0,7,7,1,0.95,0,0.95,3,1
608,74,1.5,1,1.5,1,1.8,1,1,0,0,0,0,0.95,0.95,1.18,0.95,0.95,0.95,0.95,0.95,1,0,0,0,0,0,0,8,8,1,0.95,0,0.95,3.25,1
609,75,1.575,1,1.575,1,1.9,1,1,0,0,0,0,0.95,0.95,1.19,0.95,0.95,0.95,0.95,0.95,1,0,0,0,0,0,0,9,9,1,0.95,0,0.95,3.5,1
610,76,1.65,1,1.65,1,2,1,1,0,0,0,0,0.95,0.95,1.2,0.95,0.95,0.95,0.95,0.95,1,0,0,0,0,0,0,10,10,1,0.95,0,0.95,4,1
700,77,0.8,1,0.8,1,1,1,1,0.3,0.3,0.54,0.54,0.95,0.95,1,0.95,0.95,0.95,0.95,0.95,1,0,0,0,0,0,0,0,0,1,0.95,1,0.95,1.5,1
701,78,0.82,1,0.85,1,1.1,1,1,0.46,0.46,0.64,0.64,0.95,0.95,1.01,0.95,0.95,0.95,0.95,0.95,1,0,0,0,0,0,0,1,1,1,0.95,1,0.95,1.5,1
702,79,0.84,1,0.9,1,1.2,1,1,0.62,0.62,0.74,0.74,0.95,0.95,1.02,0.95,0.95,0.95,0.95,0.95,1,0,0,0,0,0,0,2,2,1,0.95,1,0.95,1.75,1
703,80,0.86,1,0.95,1,1.3,1,1,0.78,0.78,0.84,0.84,0.95,0.95,1.03,0.95,0.95,0.95,0.95,0.95,1,0,0,0,0,0,0,3,3,1,0.95,1,0.95,2,1
704,81,0.88,1,1,1,1.4,1,1,0.95,0.95,0.94,0.94,0.95,0.95,1.04,0.95,0.95,0.95,0.95,0.95,1,0,0,0,0,0,0,4,4,1,0.95,1,0.95,2.25,1
705,82,0.9,1,1.05,1,1.5,1,1,0.99,0.99,0.97,0.97,0.95,0.95,1.05,0.95,0.95,0.95,0.95,0.95,1,0,0,0,0,0,0,5,5,1,0.95,1,0.95,2.5,1
706,83,0.92,1,1.1,1,1.6,1,1,1.03,1.03,1,1,0.95,0.95,1.06,0.95,0.95,0.95,0.95,0.95,1,0,0,0,0,0,0,6,6,1,0.95,1,0.95,2.75,1
707,84,0.94,1,1.15,1,1.7,1,1,1.07,1.07,1.03,1.03,0.95,0.95,1.07,0.95,0.95,0.95,0.95,0.95,1,0,0,0,0,0,0,7,7,1,0.95,1,0.95,3,1
708,85,0.96,1,1.2,1,1.8,1,1,1.11,1.11,1.06,1.06,0.95,0.95,1.08,0.95,0.95,0.95,0.95,0.95,1,0,0,0,0,0,0,8,8,1,0.95,1,0.95,3.25,1
709,86,0.98,1,1.25,1,1.9,1,1,1.15,1.15,1.09,1.09,0.95,0.95,1.09,0.95,0.95,0.95,0.95,0.95,1,0,0,0,0,0,0,9,9,1,0.95,1,0.95,3.5,1
710,87,1,1,1.3,1,2,1,1,1.2,1.2,1.1,1.1,0.95,0.95,1.1,0.95,0.95,0.95,0.95,0.95,1,0,0,0,0,0,0,10,10,1,0.95,1,0.95,4,1
800,88,0.75,1,1,0.75,1,1,1,0.5,0.5,0.9,0.9,0.95,0.95,0.95,1,0.95,0.95,0.95,0.95,1,0,0,0,0,0,0,0,0,1,0.95,1,0.95,1.5,1
801,89,0.77,1,1,0.805,1.1,1,1,0.59,0.59,1.04,1.04,0.95,0.95,0.95,1.01,0.95,0.95,0.95,0.95,1,0,0,0,0,0,0,1,1,1,0.95,1,0.95,1.5,1
802,90,0.79,1,1,0.86,1.2,1,1,0.68,0.68,1.18,1.18,0.95,0.95,0.95,1.02,0.95,0.95,0.95,0.95,1,0,0,0,0,0,0,2,2,1,0.95,1,0.95,1.75,1
803,91,0.81,1,1,0.915,1.3,1,1,0.77,0.77,1.32,1.32,0.95,0.95,0.95,1.03,0.95,0.95,0.95,0.95,1,0,0,0,0,0,0,3,3,1,0.95,1,0.95,2,1
804,92,0.83,1,1,0.97,1.4,1,1,0.86,0.86,1.44,1.44,0.95,0.95,0.95,1.04,0.95,0.95,0.95,0.95,1,0,0,0,0,0,0,4,4,1,0.95,1,0.95,2.25,1
805,93,0.85,1,1,1.025,1.5,1,1,0.88,0.88,1.48,1.48,0.95,0.95,0.95,1.05,0.95,0.95,0.95,0.95,1,0,0,0,0,0,0,5,5,1,0.95,1,0.95,2.5,1
806,94,0.87,1,1,1.08,1.6,1,1,0.9,0.9,1.52,1.52,0.95,0.95,0.95,1.06,0.95,0.95,0.95,0.95,1,0,0,0,0,0,0,6,6,1,0.95,1,0.95,2.75,1
807,95,0.89,1,1,1.135,1.7,1,1,0.92,0.92,1.56,1.56,0.95,0.95,0.95,1.07,0.95,0.95,0.95,0.95,1,0,0,0,0,0,0,7,7,1,0.95,1,0.95,3,1
808,96,0.91,1,1,1.19,1.8,1,1,0.94,0.94,1.6,1.6,0.95,0.95,0.95,1.08,0.95,0.95,0.95,0.95,1,0,0,0,0,0,0,8,8,1,0.95,1,0.95,3.25,1
809,97,0.93,1,1,1.245,1.9,1,1,0.96,0.96,1.64,1.64,0.95,0.95,0.95,1.09,0.95,0.95,0.95,0.95,1,0,0,0,0,0,0,9,9,1,0.95,1,0.95,3.5,1
810,98,0.95,1,1,1.3,2,1,1,1,1,1.65,1.65,0.95,0.95,0.95,1.1,0.95,0.95,0.95,0.95,1,0,0,0,0,0,0,10,10,1,0.95,1,0.95,4,1
900,99,0.9,1,1,1,1,1,1,0,0,0,0,0.95,0.95,0.95,0.95,0.95,0.95,0.95,0.95,1,0,0,0,0,0,0,0,0,0.9,1.1,0,0.95,1.5,1
901,100,0.975,1,1,1,1.1,1,1,0,0,0,0,0.95,0.95,0.95,0.95,0.95,0.95,0.95,0.95,1,0,0,0,0,0,0,1,1,0.975,1.11,0,0.95,1.5,1
902,101,1.05,1,1,1,1.2,1,1,0,0,0,0,0.95,0.95,0.95,0.95,0.95,0.95,0.95,0.95,1,0,0,0,0,0,0,2,2,1.05,1.12,0,0.95,1.75,1
903,102,1.125,1,1,1,1.3,1,1,0,0,0,0,0.95,0.95,0.95,0.95,0.95,0.95,0.95,0.95,1,0,0,0,0,0,0,3,3,1.125,1.13,0,0.95,2,1
904,103,1.2,1,1,1,1.4,1,1,0,0,0,0,0.95,0.95,0.95,0.95,0.95,0.95,0.95,0.95,1,0,0,0,0,0,0,4,4,1.2,1.14,0,0.95,2.25,1
905,104,1.275,1,1,1,1.5,1,1,0,0,0,0,0.95,0.95,0.95,0.95,0.95,0.95,0.95,0.95,1,0,0,0,0,0,0,5,5,1.275,1.15,0,0.95,2.5,1
906,105,1.35,1,1,1,1.6,1,1,0,0,0,0,0.95,0.95,0.95,0.95,0.95,0.95,0.95,0.95,1,0,0,0,0,0,0,6,6,1.35,1.16,0,0.95,2.75,1
907,106,1.425,1,1,1,1.7,1,1,0,0,0,0,0.95,0.95,0.95,0.95,0.95,0.95,0.95,0.95,1,0,0,0,0,0,0,7,7,1.425,1.17,0,0.95,3,1
908,107,1.5,1,1,1,1.8,1,1,0,0,0,0,0.95,0.95,0.95,0.95,0.95,0.95,0.95,0.95,1,0,0,0,0,0,0,8,8,1.5,1.18,0,0.95,3.25,1
909,108,1.575,1,1,1,1.9,1,1,0,0,0,0,0.95,0.95,0.95,0.95,0.95,0.95,0.95,0.95,1,0,0,0,0,0,0,9,9,1.575,1.19,0,0.95,3.5,1
910,109,1.65,1,1,1,2,1,1,0,0,0,0,0.95,0.95,0.95,0.95,0.95,0.95,0.95,0.95,1,0,0,0,0,0,0,10,10,1.65,1.2,0,0.95,4,1
1000,110,0.8,1,1,1,1,1,1,0.3,0.3,0.54,0.54,0.95,0.95,0.95,0.95,0.95,0.95,0.95,0.95,1,0,0,0,0,0,0,0,0,0.8,1,1,0.95,1.5,1
1001,111,0.82,1,1,1,1.1,1,1,0.41,0.41,0.61,0.61,0.95,0.95,0.95,0.95,0.95,0.95,0.95,0.95,1,0,0,0,0,0,0,1,1,0.85,1.01,1,0.95,1.5,1
1002,112,0.84,1,1,1,1.2,1,1,0.52,0.52,0.68,0.68,0.95,0.95,0.95,0.95,0.95,0.95,0.95,0.95,1,0,0,0,0,0,0,2,2,0.9,1.02,1,0.95,1.75,1
1003,113,0.86,1,1,1,1.3,1,1,0.63,0.63,0.75,0.75,0.95,0.95,0.95,0.95,0.95,0.95,0.95,0.95,1,0,0,0,0,0,0,3,3,0.95,1.03,1,0.95,2,1
1004,114,0.88,1,1,1,1.4,1,1,0.75,0.75,0.82,0.82,0.95,0.95,0.95,0.95,0.95,0.95,0.95,0.95,1,0,0,0,0,0,0,4,4,1,1.04,1,0.95,2.25,1
1005,115,0.9,1,1,1,1.5,1,1,0.83,0.83,0.87,0.87,0.95,0.95,0.95,0.95,0.95,0.95,0.95,0.95,1,0,0,0,0,0,0,5,5,1.05,1.05,1,0.95,2.5,1
1006,116,0.92,1,1,1,1.6,1,1,0.91,0.91,0.92,0.92,0.95,0.95,0.95,0.95,0.95,0.95,0.95,0.95,1,0,0,0,0,0,0,6,6,1.1,1.06,1,0.95,2.75,1
1007,117,0.94,1,1,1,1.7,1,1,0.99,0.99,0.97,0.97,0.95,0.95,0.95,0.95,0.95,0.95,0.95,0.95,1,0,0,0,0,0,0,7,7,1.15,1.07,1,0.95,3,1
1008,118,0.96,1,1,1,1.8,1,1,1.07,1.07,1.02,1.02,0.95,0.95,0.95,0.95,0.95,0.95,0.95,0.95,1,0,0,0,0,0,0,8,8,1.2,1.08,1,0.95,3.25,1
1009,119,0.98,1,1,1,1.9,1,1,1.15,1.15,1.07,1.07,0.95,0.95,0.95,0.95,0.95,0.95,0.95,0.95,1,0,0,0,0,0,0,9,9,1.25,1.09,1,0.95,3.5,1
1010,120,1,1,1,1,2,1,1,1.2,1.2,1.1,1.1,0.95,0.95,0.95,0.95,0.95,0.95,0.95,0.95,1,0,0,0,0,0,0,10,10,1.3,1.1,1,0.95,4,1
1100,121,0.9,0.9,0.9,0.9,1,1,1,0.9,0.9,0.9,0.9,0.95,0.95,0.95,0.95,1.1,1.1,0.95,0.95,1,0,0,0,0,0,0,0,0,0.9,0.95,1,0.95,1.5,1
1101,122,0.965,0.965,0.965,0.965,1.1,1,1,0.99,0.99,0.99,0.99,0.95,0.95,0.95,0.95,1.11,1.11,0.95,0.95,1,0,1,0,0,0,0,1,1,0.965,0.95,1.18,0.95,1.5,1
1102,123,1.03,1.03,1.03,1.03,1.2,1,1,1.08,1.08,1.08,1.08,0.95,0.95,0.95,0.95,1.12,1.12,0.95,0.95,1,0,2,0,0,0,0,2,2,1.03,0.95,1.36,0.95,1.75,1
1103,124,1.095,1.095,1.095,1.095,1.3,1,1,1.17,1.17,1.17,1.17,0.95,0.95,0.95,0.95,1.13,1.13,0.95,0.95,1,0,3,0,0,0,0,3,3,1.095,0.95,1.54,0.95,2,1
1104,125,1.16,1.16,1.16,1.16,1.4,1,1,1.26,1.26,1.26,1.26,0.95,0.95,0.95,0.95,1.14,1.14,0.95,0.95,1,0,4,0,0,0,0,4,4,1.16,0.95,1.72,0.95,2.25,1
1105,126,1.225,1.225,1.225,1.225,1.5,1,1,1.28,1.28,1.28,1.28,0.95,0.95,0.95,0.95,1.15,1.15,0.95,0.95,1,0,5,0,0,0,0,5,5,1.225,0.95,1.77,0.95,2.5,1
1106,127,1.29,1.29,1.29,1.29,1.6,1,1,1.3,1.3,1.3,1.3,0.95,0.95,0.95,0.95,1.16,1.16,0.95,0.95,1,0,6,0,0,0,0,6,6,1.29,0.95,1.82,0.95,2.75,1
1107,128,1.355,1.355,1.355,1.355,1.7,1,1,1.32,1.32,1.32,1.32,0.95,0.95,0.95,0.95,1.17,1.17,0.95,0.95,1,0,7,0,0,0,0,7,7,1.355,0.95,1.87,0.95,3,1
1108,129,1.42,1.42,1.42,1.42,1.8,1,1,1.34,1.34,1.34,1.34,0.95,0.95,0.95,0.95,1.18,1.18,0.95,0.95,1,0,8,0,0,0,0,8,8,1.42,0.95,1.92,0.95,3.25,1
1109,130,1.485,1.485,1.485,1.485,1.9,1,1,1.36,1.36,1.36,1.36,0.95,0.95,0.95,0.95,1.19,1.19,0.95,0.95,1,0,9,0,0,0,0,9,9,1.485,0.95,1.97,0.95,3.5,1
1110,131,1.55,1.55,1.55,1.55,2,1,1,1.4,1.4,1.4,1.4,0.95,0.95,0.95,0.95,1.2,1.2,0.95,0.95,1,0,10,0,0,0,0,10,10,1.55,0.95,2,0.95,4,1
1200,132,0.9,0.9,0.9,0.9,1,1,1,0.9,0.9,0.9,0.9,0.95,0.95,0.95,0.95,0.95,0.95,1.1,0.95,1,0,0,0,0,0,0,0,0,0.9,0.95,1,0.95,1.5,1
1201,133,0.965,0.965,0.965,0.965,1.1,1,1,0.99,0.99,0.99,0.99,0.95,0.95,0.95,0.95,0.95,0.95,1.11,0.95,1,1,0,0,0,0,0,1,1,0.965,0.95,1.18,0.95,1.5,1
1202,134,1.03,1.03,1.03,1.03,1.2,1,1,1.08,1.08,1.08,1.08,0.95,0.95,0.95,0.95,0.95,0.95,1.12,0.95,1,2,0,0,0,0,0,2,2,1.03,0.95,1.36,0.95,1.75,1
1203,135,1.095,1.095,1.095,1.095,1.3,1,1,1.17,1.17,1.17,1.17,0.95,0.95,0.95,0.95,0.95,0.95,1.13,0.95,1,3,0,0,0,0,0,3,3,1.095,0.95,1.54,0.95,2,1
1204,136,1.16,1.16,1.16,1.16,1.4,1,1,1.26,1.26,1.26,1.26,0.95,0.95,0.95,0.95,0.95,0.95,1.14,0.95,1,4,0,0,0,0,0,4,4,1.16,0.95,1.72,0.95,2.25,1
1205,137,1.225,1.225,1.225,1.225,1.5,1,1,1.28,1.28,1.28,1.28,0.95,0.95,0.95,0.95,0.95,0.95,1.15,0.95,1,5,0,0,0,0,0,5,5,1.225,0.95,1.77,0.95,2.5,1
1206,138,1.29,1.29,1.29,1.29,1.6,1,1,1.3,1.3,1.3,1.3,0.95,0.95,0.95,0.95,0.95,0.95,1.16,0.95,1,6,0,0,0,0,0,6,6,1.29,0.95,1.82,0.95,2.75,1
1207,139,1.355,1.355,1.355,1.355,1.7,1,1,1.32,1.32,1.32,1.32,0.95,0.95,0.95,0.95,0.95,0.95,1.17,0.95,1,7,0,0,0,0,0,7,7,1.355,0.95,1.87,0.95,3,1
1208,140,1.42,1.42,1.42,1.42,1.8,1,1,1.34,1.34,1.34,1.34,0.95,0.95,0.95,0.95,0.95,0.95,1.18,0.95,1,8,0,0,0,0,0,8,8,1.42,0.95,1.92,0.95,3.25,1
1209,141,1.485,1.485,1.485,1.485,1.9,1,1,1.36,1.36,1.36,1.36,0.95,0.95,0.95,0.95,0.95,0.95,1.19,0.95,1,9,0,0,0,0,0,9,9,1.485,0.95,1.97,0.95,3.5,1
1210,142,1.55,1.55,1.55,1.55,2,1,1,1.4,1.4,1.4,1.4,0.95,0.95,0.95,0.95,0.95,0.95,1.2,0.95,1,10,0,0,0,0,0,10,10,1.55,0.95,2,0.95,4,1
1300,143,1.3,1,1,1,1,1,1,0,0,0,0,0.95,0.95,0.95,0.95,0.95,0.95,0.95,0.95,1,0,0,0,0,0,0,0,0,1,0.95,0,0.95,1.5,1
1301,144,1.42,1.1,1.1,1.1,1.1,1,1,0,0,0,0,0.95,0.95,0.95,0.95,0.95,0.95,0.95,0.95,1,0,0,0,0,0,0,1,1,1.1,0.95,0,0.95,1.5,1
1302,145,1.54,1.2,1.2,1.2,1.2,1,1,0,0,0,0,0.95,0.95,0.95,0.95,0.95,0.95,0.95,0.95,1,0,0,0,0,0,0,2,2,1.2,0.95,0,0.95,1.75,1
1303,146,1.66,1.3,1.3,1.3,1.3,1,1,0,0,0,0,0.95,0.95,0.95,0.95,0.95,0.95,0.95,0.95,1,0,0,0,0,0,0,3,3,1.3,0.95,0,0.95,2,1
1304,147,1.78,1.4,1.4,1.4,1.4,1,1,0,0,0,0,0.95,0.95,0.95,0.95,0.95,0.95,0.95,0.95,1,0,0,0,0,0,0,4,4,1.4,0.95,0,0.95,2.25,1
1305,148,1.9,1.5,1.5,1.5,1.5,1,1,0,0,0,0,0.95,0.95,0.95,0.95,0.95,0.95,0.95,0.95,1,0,0,0,0,0,0,5,5,1.5,0.95,0,0.95,2.5,1
1306,149,2.02,1.6,1.6,1.6,1.6,1,1,0,0,0,0,0.95,0.95,0.95,0.95,0.95,0.95,0.95,0.95,1,0,0,0,0,0,0,6,6,1.6,0.95,0,0.95,2.75,1
1307,150,2.14,1.7,1.7,1.7,1.7,1,1,0,0,0,0,0.95,0.95,0.95,0.95,0.95,0.95,0.95,0.95,1,0,0,0,0,0,0,7,7,1.7,0.95,0,0.95,3,1
1308,151,2.26,1.8,1.8,1.8,1.8,1,1,0,0,0,0,0.95,0.95,0.95,0.95,0.95,0.95,0.95,0.95,1,0,0,0,0,0,0,8,8,1.8,0.95,0,0.95,3.25,1
1309,152,2.38,1.9,1.9,1.9,1.9,1,1,0,0,0,0,0.95,0.95,0.95,0.95,0.95,0.95,0.95,0.95,1,0,0,0,0,0,0,9,9,1.9,0.95,0,0.95,3.5,1
1310,153,2.5,2,2,2,2,1,1,0,0,0,0,0.95,0.95,0.95,0.95,0.95,0.95,0.95,0.95,1,0,0,0,0,0,0,10,10,2,0.95,0,0.95,4,1
1400,154,0.8,0.8,0.8,0.8,1,1,1,0.7,0.7,0.7,1,0.95,0.95,0.95,0.95,0.95,0.95,0.95,0.95,0.95,0,0,0,0,0,0,0,0,0.8,0.95,1,0.95,1.5,1
1401,155,0.85,0.85,0.85,0.85,1.1,1,1,0.75,0.75,0.75,1.04,0.95,0.95,0.95,0.95,0.95,0.95,0.95,0.95,0.95,0,0,0,1,0,0,1,1,0.85,0.95,1,0.95,1.5,1
1402,156,0.9,0.9,0.9,0.9,1.2,1,1,0.8,0.8,0.8,1.08,0.95,0.95,0.95,0.95,0.95,0.95,0.95,0.95,0.95,0,0,0,2,0,0,2,2,0.9,0.95,1,0.95,1.75,1
1403,157,0.95,0.95,0.95,0.95,1.3,1,1,0.85,0.85,0.85,1.12,0.95,0.95,0.95,0.95,0.95,0.95,0.95,0.95,0.95,0,0,0,3,0,0,3,3,0.95,0.95,1,0.95,2,1
1404,158,1,1,1,1,1.4,1,1,0.9,0.9,0.9,1.15,0.95,0.95,0.95,0.95,0.95,0.95,0.95,0.95,0.95,0,0,0,4,0,0,4,4,1,0.95,1,0.95,2.25,1
1405,159,1.05,1.05,1.05,1.05,1.5,1,1,0.93,0.93,0.93,1.18,0.95,0.95,0.95,0.95,0.95,0.95,0.95,0.95,0.95,0,0,0,5,0,0,5,5,1.05,0.95,1,0.95,2.5,1
1406,160,1.1,1.1,1.1,1.1,1.6,1,1,0.96,0.96,0.96,1.21,0.95,0.95,0.95,0.95,0.95,0.95,0.95,0.95,0.95,0,0,0,6,0,0,6,6,1.1,0.95,1,0.95,2.75,1
1407,161,1.15,1.15,1.15,1.15,1.7,1,1,0.99,0.99,0.99,1.24,0.95,0.95,0.95,0.95,0.95,0.95,0.95,0.95,0.95,0,0,0,7,0,0,7,7,1.15,0.95,1,0.95,3,1
1408,162,1.2,1.2,1.2,1.2,1.8,1,1,1.02,1.02,1.02,1.27,0.95,0.95,0.95,0.95,0.95,0.95,0.95,0.95,0.95,0,0,0,8,0,0,8,8,1.2,0.95,1,0.95,3.25,1
1409,163,1.25,1.25,1.25,1.25,1.9,1,1,1.05,1.05,1.05,1.3,0.95,0.95,0.95,0.95,0.95,0.95,0.95,0.95,0.95,0,0,0,9,0,0,9,9,1.25,0.95,1,0.95,3.5,1
1410,164,1.3,1.3,1.3,1.3,2,1,1,1.1,1.1,1.1,1.3,0.95,0.95,0.95,0.95,0.95,0.95,0.95,0.95,0.95,0,0,0,10,0,0,10,10,1.3,0.95,1,0.95,4,1
1500,165,0.95,0.95,0.95,0.95,1,1,1,0.9,0.9,0.9,0.9,0.95,0.95,0.95,0.95,0.95,0.95,0.95,0.95,0.95,0,0,0,0,0,0,0,0,0.95,0.95,1,0.95,1.5,1
1501,166,1.045,1.045,1.045,1.045,1.1,1,1,0.99,0.99,0.99,0.99,0.95,0.95,0.95,0.95,0.95,0.95,0.95,0.95,0.95,0,0,0,0,0,1,1,1,1.045,0.95,1.09,0.95,1.5,1
1502,167,1.14,1.14,1.14,1.14,1.2,1,1,1.08,1.08,1.08,1.08,0.95,0.95,0.95,0.95,0.95,0.95,0.95,0.95,0.95,0,0,0,0,0,2,2,2,1.14,0.95,1.18,0.95,1.75,1
1503,168,1.235,1.235,1.235,1.235,1.3,1,1,1.17,1.17,1.17,1.17,0.95,0.95,0.95,0.95,0.95,0.95,0.95,0.95,0.95,0,0,0,0,0,3,3,3,1.235,0.95,1.27,0.95,2,1
1504,169,1.33,1.33,1.33,1.33,1.4,1,1,1.26,1.26,1.26,1.26,0.95,0.95,0.95,0.95,0.95,0.95,0.95,0.95,0.95,0,0,0,0,0,4,4,4,1.33,0.95,1.36,0.95,2.25,1
1505,170,1.425,1.425,1.425,1.425,1.5,1,1,1.28,1.28,1.28,1.28,0.95,0.95,0.95,0.95,0.95,0.95,0.95,0.95,0.95,0,0,0,0,0,5,5,5,1.425,0.95,1.38,0.95,2.5,1
1506,171,1.52,1.52,1.52,1.52,1.6,1,1,1.3,1.3,1.3,1.3,0.95,0.95,0.95,0.95,0.95,0.95,0.95,0.95,0.95,0,0,0,0,0,6,6,6,1.52,0.95,1.4,0.95,2.75,1
1507,172,1.615,1.615,1.615,1.615,1.7,1,1,1.32,1.32,1.32,1.32,0.95,0.95,0.95,0.95,0.95,0.95,0.95,0.95,0.95,0,0,0,0,0,7,7,7,1.615,0.95,1.42,0.95,3,1
1508,173,1.71,1.71,1.71,1.71,1.8,1,1,1.34,1.34,1.34,1.34,0.95,0.95,0.95,0.95,0.95,0.95,0.95,0.95,0.95,0,0,0,0,0,8,8,8,1.71,0.95,1.44,0.95,3.25,1
1509,174,1.805,1.805,1.805,1.805,1.9,1,1,1.36,1.36,1.36,1.36,0.95,0.95,0.95,0.95,0.95,0.95,0.95,0.95,0.95,0,0,0,0,0,9,9,9,1.805,0.95,1.46,0.95,3.5,1
1510,175,1.9,1.9,1.9,1.9,2,1,1,1.4,1.4,1.4,1.4,0.95,0.95,0.95,0.95,0.95,0.95,0.95,0.95,0.95,0,0,0,0,0,10,10,10,1.9,0.95,1.5,0.95,4,1
2000,176,0.8,0.8,0.8,0.8,1,1,1,1,1,1,1,1,1,1,1,1,1,1,1,1,0,0,0,0,0,0,0,0,0.8,1,1,1,1,1
2001,177,0.9,0.9,0.9,0.9,1.1,1,1,1.07,1.07,1.07,1.07,1,1,1,1,1,1,1,1,1,0,0,0,0,0,0,1,1,0.9,1,1.07,1,1,1
2002,178,1,1,1,1,1.2,1,1,1.14,1.14,1.14,1.14,1,1,1,1,1,1,1,1,1,0,0,0,0,0,0,2,2,1,1,1.14,1,1.2,1
2003,179,1.1,1.1,1.1,1.1,1.3,1,1,1.21,1.21,1.21,1.21,1,1,1,1,1,1,1,1,1,0,0,0,0,0,0,3,3,1.1,1,1.21,1,1.4,1
2004,180,1.2,1.2,1.2,1.2,1.4,1,1,1.29,1.29,1.29,1.29,1,1,1,1,1,1,1,1,1,0,0,0,0,0,0,4,4,1.2,1,1.29,1,1.6,1
2005,181,1.3,1.3,1.3,1.3,1.5,1,1,1.31,1.31,1.31,1.31,1,1,1,1,1,1,1,1,1,0,0,0,0,0,0,5,5,1.3,1,1.31,1,1.8,1
2006,182,1.4,1.4,1.4,1.4,1.6,1,1,1.33,1.33,1.33,1.33,1,1,1,1,1,1,1,1,1,0,0,0,0,0,0,6,6,1.4,1,1.33,1,2,1
2007,183,1.5,1.5,1.5,1.5,1.7,1,1,1.35,1.35,1.35,1.35,1,1,1,1,1,1,1,1,1,0,0,0,0,0,0,7,7,1.5,1,1.35,1,2.2,1
2008,184,1.6,1.6,1.6,1.6,1.8,1,1,1.37,1.37,1.37,1.37,1,1,1,1,1,1,1,1,1,0,0,0,0,0,0,8,8,1.6,1,1.37,1,2.4,1
2009,185,1.7,1.7,1.7,1.7,1.9,1,1,1.39,1.39,1.39,1.39,1,1,1,1,1,1,1,1,1,0,0,0,0,0,0,9,9,1.7,1,1.39,1,2.6,1
2010,186,1.8,1.8,1.8,1.8,2,1,1,1.4,1.4,1.4,1.4,1,1,1,1,1,1,1,1,1,0,0,0,0,0,0,10,10,1.8,1,1.4,1,3,1
2100,187,1.1,1.1,1.1,1.1,1,1,1,1,1,1,1,1,1,1,1,1,1,1,1,1,0,0,0,0,0,0,0,0,1.1,1,1,1,1,1
2101,188,1.28,1.28,1.28,1.28,1.2,1,1,1.08,1.08,1.08,1.08,1,1,1,1,1,1,1,1,1,0,0,0,0,0,0,1,2,1.28,1,1.08,1,1,1
2102,189,1.46,1.46,1.46,1.46,1.4,1,1,1.16,1.16,1.16,1.16,1,1,1,1,1,1,1,1,1,0,0,0,0,0,0,2,4,1.46,1,1.16,1,1.6,1
2103,190,1.64,1.64,1.64,1.64,1.6,1,1,1.24,1.24,1.24,1.24,1,1,1,1,1,1,1,1,1,0,0,0,0,0,0,3,6,1.64,1,1.24,1,2.2,1
2104,191,1.82,1.82,1.82,1.82,1.8,1,1,1.32,1.32,1.32,1.32,1,1,1,1,1,1,1,1,1,0,0,0,0,0,0,4,8,1.82,1,1.32,1,2.8,1
2105,192,2,2,2,2,2,1,1,1.4,1.4,1.4,1.4,1,1,1,1,1,1,1,1,1,0,0,0,0,0,0,5,10,2,1,1.4,1,4,1
2200,193,1.15,1.15,1.15,1.15,1,1,1,1,1,1,1,1,1,1,1,1,1,1,1,1,0,0,0,0,0,0,0,0,1.15,1,1,1,1,1
2201,194,1.28,1.28,1.28,1.28,1.2,1,1,1.08,1.08,1.08,1.08,1,1,1,1,1,1,1,1,1,0,0,0,0,0,0,1,2,1.28,1,1.08,1,1,1
2202,195,1.37,1.37,1.37,1.37,1.4,1,1,1.16,1.16,1.16,1.16,1,1,1,1,1,1,1,1,1,0,0,0,0,0,0,2,4,1.37,1,1.16,1,1.4,1
2203,196,1.6,1.6,1.6,1.6,1.6,1,1,1.24,1.24,1.24,1.24,1,1,1,1,1,1,1,1,1,0,0,0,0,0,0,3,6,1.6,1,1.24,1,1.8,1
2204,197,1.8,1.8,1.8,1.8,1.8,1,1,1.32,1.32,1.32,1.32,1,1,1,1,1,1,1,1,1,0,0,0,0,0,0,4,8,1.8,1,1.32,1,2.2,1
2205,198,2,2,2,2,2,1,1,1.4,1.4,1.4,1.4,1,1,1,1,1,1,1,1,1,0,0,0,0,0,0,5,10,2,1,1.4,1,3,1
2300,199,1.1,1.1,1.1,1.1,1,1,1,1,1,1,1,1,1,1,1,1,1,1,1,1,0,0,0,0,0,0,0,0,1.1,1,1,1,1,1
2301,200,1.28,1.28,1.28,1.28,1.2,1,1,1.08,1.08,1.08,1.08,1,1,1,1,1,1,1,1,1,0,0,0,0,0,0,1,2,1.28,1,1.08,1,1,1
2302,201,1.46,1.46,1.46,1.46,1.4,1,1,1.16,1.16,1.16,1.16,1,1,1,1,1,1,1,1,1,0,0,0,0,0,0,2,4,1.46,1,1.16,1,1.6,1
2303,202,1.64,1.64,1.64,1.64,1.6,1,1,1.24,1.24,1.24,1.24,1,1,1,1,1,1,1,1,1,0,0,0,0,0,0,3,6,1.64,1,1.24,1,2.2,1
2304,203,1.82,1.82,1.82,1.82,1.8,1,1,1.32,1.32,1.32,1.32,1,1,1,1,1,1,1,1,1,0,0,0,0,0,0,4,8,1.82,1,1.32,1,2.8,1
2305,204,2,2,2,2,2,1,1,1.4,1.4,1.4,1.4,1,1,1,1,1,1,1,1,1,0,0,0,0,0,0,5,10,2,1,1.4,1,4,1
2400,205,1.15,1.15,1.15,1.15,1,1,1,1,1,1,1,1,1,1,1,1,1,1,1,1,0,0,0,0,0,0,0,0,1.15,1,1,1,1,1
2401,206,1.28,1.28,1.28,1.28,1.2,1,1,1.08,1.08,1.08,1.08,1,1,1,1,1,1,1,1,1,0,0,0,0,0,0,1,2,1.28,1,1.08,1,1,1
2402,207,1.37,1.37,1.37,1.37,1.4,1,1,1.16,1.16,1.16,1.16,1,1,1,1,1,1,1,1,1,0,0,0,0,0,0,2,4,1.37,1,1.16,1,1.4,1
2403,208,1.6,1.6,1.6,1.6,1.6,1,1,1.24,1.24,1.24,1.24,1,1,1,1,1,1,1,1,1,0,0,0,0,0,0,3,6,1.6,1,1.24,1,1.8,1
2404,209,1.8,1.8,1.8,1.8,1.8,1,1,1.32,1.32,1.32,1.32,1,1,1,1,1,1,1,1,1,0,0,0,0,0,0,4,8,1.8,1,1.32,1,2.2,1
2405,210,2,2,2,2,2,1,1,1.4,1.4,1.4,1.4,1,1,1,1,1,1,1,1,1,0,0,0,0,0,0,5,10,2,1,1.4,1,3,1
2500,211,1.1,1.1,1.1,1.1,1,1,1,1,1,1,1,1,1,1,1,1,1,1,1,1,0,0,0,0,0,0,0,0,1.1,1,1,1,1,1
2501,212,1.28,1.28,1.28,1.28,1.2,1,1,1.08,1.08,1.08,1.08,1,1,1,1,1,1,1,1,1,0,0,0,0,0,0,1,2,1.28,1,1.08,1,1,1
2502,213,1.46,1.46,1.46,1.46,1.4,1,1,1.16,1.16,1.16,1.16,1,1,1,1,1,1,1,1,1,0,0,0,0,0,0,2,4,1.46,1,1.16,1,1.6,1
2503,214,1.64,1.64,1.64,1.64,1.6,1,1,1.24,1.24,1.24,1.24,1,1,1,1,1,1,1,1,1,0,0,0,0,0,0,3,6,1.64,1,1.24,1,2.2,1
2504,215,1.82,1.82,1.82,1.82,1.8,1,1,1.32,1.32,1.32,1.32,1,1,1,1,1,1,1,1,1,0,0,0,0,0,0,4,8,1.82,1,1.32,1,2.8,1
2505,216,2,2,2,2,2,1,1,1.4,1.4,1.4,1.4,1,1,1,1,1,1,1,1,1,0,0,0,0,0,0,5,10,2,1,1.4,1,4,1
2600,217,1.15,1.15,1.15,1.15,1,1,1,1,1,1,1,1,1,1,1,1,1,1,1,1,0,0,0,0,0,0,0,0,1.15,1,1,1,1,1
2601,218,1.28,1.28,1.28,1.28,1.2,1,1,1.08,1.08,1.08,1.08,1,1,1,1,1,1,1,1,1,0,0,0,0,0,0,1,2,1.28,1,1.08,1,1,1
2602,219,1.37,1.37,1.37,1.37,1.4,1,1,1.16,1.16,1.16,1.16,1,1,1,1,1,1,1,1,1,0,0,0,0,0,0,2,4,1.37,1,1.16,1,1.4,1
2603,220,1.6,1.6,1.6,1.6,1.6,1,1,1.24,1.24,1.24,1.24,1,1,1,1,1,1,1,1,1,0,0,0,0,0,0,3,6,1.6,1,1.24,1,1.8,1
2604,221,1.8,1.8,1.8,1.8,1.8,1,1,1.32,1.32,1.32,1.32,1,1,1,1,1,1,1,1,1,0,0,0,0,0,0,4,8,1.8,1,1.32,1,2.2,1
2605,222,2,2,2,2,2,1,1,1.4,1.4,1.4,1.4,1,1,1,1,1,1,1,1,1,0,0,0,0,0,0,5,10,2,1,1.4,1,3,1
2700,223,1.1,1.1,1.1,1.1,1,1,1,1,1,1,1,1,1,1,1,1,1,1,1,1,0,0,0,0,0,0,0,0,1.1,1,1,1,1,1
2701,224,1.17,1.17,1.17,1.17,1.1,1,1,1.07,1.07,1.07,1.07,1,1,1,1,1,1,1,1,1,0,0,0,0,0,0,1,1,1.17,1,1.07,1,1,1
2702,225,1.24,1.24,1.24,1.24,1.2,1,1,1.14,1.14,1.14,1.14,1,1,1,1,1,1,1,1,1,0,0,0,0,0,0,2,2,1.24,1,1.14,1,1.2,1
2703,226,1.31,1.31,1.31,1.31,1.3,1,1,1.21,1.21,1.21,1.21,1,1,1,1,1,1,1,1,1,0,0,0,0,0,0,3,3,1.31,1,1.21,1,1.4,1
2704,227,1.38,1.38,1.38,1.38,1.4,1,1,1.29,1.29,1.29,1.29,1,1,1,1,1,1,1,1,1,0,0,0,0,0,0,4,4,1.38,1,1.29,1,1.6,1
2705,228,1.45,1.45,1.45,1.45,1.5,1,1,1.31,1.31,1.31,1.31,1,1,1,1,1,1,1,1,1,0,0,0,0,0,0,5,5,1.45,1,1.31,1,1.8,1
2706,229,1.52,1.52,1.52,1.52,1.6,1,1,1.33,1.33,1.33,1.33,1,1,1,1,1,1,1,1,1,0,0,0,0,0,0,6,6,1.52,1,1.33,1,2,1
2707,230,1.59,1.59,1.59,1.59,1.7,1,1,1.35,1.35,1.35,1.35,1,1,1,1,1,1,1,1,1,0,0,0,0,0,0,7,7,1.59,1,1.35,1,2.2,1
2708,231,1.66,1.66,1.66,1.66,1.8,1,1,1.37,1.37,1.37,1.37,1,1,1,1,1,1,1,1,1,0,0,0,0,0,0,8,8,1.66,1,1.37,1,2.4,1
2709,232,1.73,1.73,1.73,1.73,1.9,1,1,1.39,1.39,1.39,1.39,1,1,1,1,1,1,1,1,1,0,0,0,0,0,0,9,9,1.73,1,1.39,1,2.6,1
2710,233,1.8,1.8,1.8,1.8,2,1,1,1.4,1.4,1.4,1.4,1,1,1,1,1,1,1,1,1,0,0,0,0,0,0,10,10,1.8,1,1.4,1,3,1
2800,234,1,1,1,1,1,1,1,1,1,1,1,1,1,1,1,1,1,1,1,1,0,0,0,0,0,0,0,0,1,1,1,1,1,1
2801,235,1.08,1.08,1.08,1.08,1.1,1,1,1.07,1.07,1.07,1.07,1,1,1,1,1,1,1,1,1,0,0,0,0,0,0,1,1,1.08,1,1.07,1,1,1
2802,236,1.16,1.16,1.16,1.16,1.2,1,1,1.14,1.14,1.14,1.14,1,1,1,1,1,1,1,1,1,0,0,0,0,0,0,2,2,1.16,1,1.14,1,1.2,1
2803,237,1.24,1.24,1.24,1.24,1.3,1,1,1.21,1.21,1.21,1.21,1,1,1,1,1,1,1,1,1,0,0,0,0,0,0,3,3,1.24,1,1.21,1,1.4,1
2804,238,1.32,1.32,1.32,1.32,1.4,1,1,1.29,1.29,1.29,1.29,1,1,1,1,1,1,1,1,1,0,0,0,0,0,0,4,4,1.32,1,1.29,1,1.6,1
2805,239,1.4,1.4,1.4,1.4,1.5,1,1,1.31,1.31,1.31,1.31,1,1,1,1,1,1,1,1,1,0,0,0,0,0,0,5,5,1.4,1,1.31,1,1.8,1
2806,240,1.48,1.48,1.48,1.48,1.6,1,1,1.33,1.33,1.33,1.33,1,1,1,1,1,1,1,1,1,0,0,0,0,0,0,6,6,1.48,1,1.33,1,2,1
2807,241,1.56,1.56,1.56,1.56,1.7,1,1,1.35,1.35,1.35,1.35,1,1,1,1,1,1,1,1,1,0,0,0,0,0,0,7,7,1.56,1,1.35,1,2.2,1
2808,242,1.64,1.64,1.64,1.64,1.8,1,1,1.37,1.37,1.37,1.37,1,1,1,1,1,1,1,1,1,0,0,0,0,0,0,8,8,1.64,1,1.37,1,2.4,1
2809,243,1.72,1.72,1.72,1.72,1.9,1,1,1.39,1.39,1.39,1.39,1,1,1,1,1,1,1,1,1,0,0,0,0,0,0,9,9,1.72,1,1.39,1,2.6,1
2810,244,1.8,1.8,1.8,1.8,2,1,1,1.4,1.4,1.4,1.4,1,1,1,1,1,1,1,1,1,0,0,0,0,0,0,10,10,1.8,1,1.4,1,3,1
3000,245,1,1,1,1,1,1,1,1,1,1,1,1,1,1,1,1,1,1,1,1,0,0,0,0,0,0,0,0,1,1,1,1,1,1
3100,246,1,1,1,1,1,1,1,0,0,0,0,1,1,1,1,1,1,1,1,1,0,0,0,0,0,0,0,0,1,1,0,1,1,1
3101,247,1.25,1.25,1.25,1.25,1.1,1,1,0,0,0,0,1,1,1,1,1,1,1,1,1.02,0,0,0,0,0,0,1,1,1.25,1,0,1,1,1
3102,248,1.5,1.5,1.5,1.5,1.2,1,1,0,0,0,0,1,1,1,1,1,1,1,1,1.04,0,0,0,0,0,0,2,2,1.5,1,0,1,1.2,1
3103,249,1.75,1.75,1.75,1.75,1.3,1,1,0,0,0,0,1,1,1,1,1,1,1,1,1.06,0,0,0,0,0,0,3,3,1.75,1,0,1,1.4,1
3104,250,2,2,2,2,1.4,1,1,0,0,0,0,1,1,1,1,1,1,1,1,1.08,0,0,0,0,0,0,4,4,2,1,0,1,1.6,1
3105,251,2.25,2.25,2.25,2.25,1.5,1,1,0,0,0,0,1,1,1,1,1,1,1,1,1.1,0,0,0,0,0,0,5,5,2.25,1,0,1,1.8,1
3106,252,2.5,2.5,2.5,2.5,1.6,1,1,0,0,0,0,1,1,1,1,1,1,1,1,1.12,0,0,0,0,0,0,6,6,2.5,1,0,1,2,1
3107,253,2.75,2.75,2.75,2.75,1.7,1,1,0,0,0,0,1,1,1,1,1,1,1,1,1.14,0,0,0,0,0,0,7,7,2.75,1,0,1,2.2,1
3108,254,3,3,3,3,1.8,1,1,0,0,0,0,1,1,1,1,1,1,1,1,1.16,0,0,0,0,0,0,8,8,3,1,0,1,2.4,1
3109,255,3.25,3.25,3.25,3.25,1.9,1,1,0,0,0,0,1,1,1,1,1,1,1,1,1.18,0,0,0,0,0,0,9,9,3.25,1,0,1,2.6,1
3110,256,3.5,3.5,3.5,3.5,2,1,1,0,0,0,0,1,1,1,1,1,1,1,1,1.2,0,0,0,0,0,0,10,10,3.5,1,0,1,3,1
3200,257,1,1,1,1,1,1,1,0,0,0,0,1,1,1,1,1,1,1,1,1,0,0,0,0,0,0,0,0,1,1,0,1,1,1
3201,258,1.1,1.1,1.1,1.1,1.1,1,1,0,0,0,0,1,1,1,1,1,1,1,1,1.02,0,0,0,0,0,0,1,1,1.1,1,0,1,1,1
3202,259,1.2,1.2,1.2,1.2,1.2,1,1,0,0,0,0,1,1,1,1,1,1,1,1,1.04,0,0,0,0,0,0,2,2,1.2,1,0,1,1.2,1
3203,260,1.3,1.3,1.3,1.3,1.3,1,1,0,0,0,0,1,1,1,1,1,1,1,1,1.06,0,0,0,0,0,0,3,3,1.3,1,0,1,1.4,1
3204,261,1.4,1.4,1.4,1.4,1.4,1,1,0,0,0,0,1,1,1,1,1,1,1,1,1.08,0,0,0,0,0,0,4,4,1.4,1,0,1,1.6,1
3205,262,1.5,1.5,1.5,1.5,1.5,1,1,0,0,0,0,1,1,1,1,1,1,1,1,1.1,0,0,0,0,0,0,5,5,1.5,1,0,1,1.8,1
3206,263,1.6,1.6,1.6,1.6,1.6,1,1,0,0,0,0,1,1,1,1,1,1,1,1,1.12,0,0,0,0,0,0,6,6,1.6,1,0,1,2,1
3207,264,1.7,1.7,1.7,1.7,1.7,1,1,0,0,0,0,1,1,1,1,1,1,1,1,1.14,0,0,0,0,0,0,7,7,1.7,1,0,1,2.2,1
3208,265,1.8,1.8,1.8,1.8,1.8,1,1,0,0,0,0,1,1,1,1,1,1,1,1,1.16,0,0,0,0,0,0,8,8,1.8,1,0,1,2.4,1
3209,266,1.9,1.9,1.9,1.9,1.9,1,1,0,0,0,0,1,1,1,1,1,1,1,1,1.18,0,0,0,0,0,0,9,9,1.9,1,0,1,2.6,1
3210,267,2,2,2,2,2,1,1,0,0,0,0,1,1,1,1,1,1,1,1,1.2,0,0,0,0,0,0,10,10,2,1,0,1,3,1
4000,268,0.95,1,1,1,1,1,1,1.5,0,1,1,1,1,1,1,1,1,1,1,1,0,0,0,0,0,0,0,0,1,1,1,1,1.5,1
4001,269,1.04,1.1,1.1,1.1,1.1,1,1,1.57,0,1,1,1,1,1,1,1,1,1,1,1.01,0,0,0,0,0,0,1,1,1.1,1,1,1,1.5,1
4002,270,1.13,1.2,1.2,1.2,1.2,1,1,1.64,0,1,1,1,1,1,1,1,1,1,1,1.02,0,0,0,0,0,0,2,2,1.2,1,1,1,1.75,1
4003,271,1.22,1.3,1.3,1.3,1.3,1,1,1.71,0,1,1,1,1,1,1,1,1,1,1,1.03,0,0,0,0,0,0,3,3,1.3,1,1,1,2,1
4004,272,1.31,1.4,1.4,1.4,1.4,1,1,1.79,0,1,1,1,1,1,1,1,1,1,1,1.04,0,0,0,0,0,0,4,4,1.4,1,1,1,2.25,1
4005,273,1.4,1.5,1.5,1.5,1.5,1,1,1.81,0,1,1,1,1,1,1,1,1,1,1,1.05,0,0,0,0,0,0,5,5,1.5,1,1,1,2.5,1
4006,274,1.49,1.6,1.6,1.6,1.6,1,1,1.83,0,1,1,1,1,1,1,1,1,1,1,1.06,0,0,0,0,0,0,6,6,1.6,1,1,1,2.75,1
4007,275,1.58,1.7,1.7,1.7,1.7,1,1,1.85,0,1,1,1,1,1,1,1,1,1,1,1.07,0,0,0,0,0,0,7,7,1.7,1,1,1,3,1
4008,276,1.67,1.8,1.8,1.8,1.8,1,1,1.87,0,1,1,1,1,1,1,1,1,1,1,1.08,0,0,0,0,0,0,8,8,1.8,1,1,1,3.25,1
4009,277,1.76,1.9,1.9,1.9,1.9,1,1,1.89,0,1,1,1,1,1,1,1,1,1,1,1.09,0,0,0,0,0,0,9,9,1.9,1,1,1,3.5,1
4010,278,1.85,2,2,2,2,1,1,1.9,0,1,1,1,1,1,1,1,1,1,1,1.1,0,0,0,0,0,0,10,10,2,1,1,1,4,1
4100,279,0.95,1,1,1,1,1,1,1.1,1.1,1,1,1,1,1,1,1,1,1,1,1,0,0,0,0,0,0,0,0,1,1,1,1,1.5,1
4101,280,1.04,1.1,1.1,1.1,1.1,1,1,1.13,1.13,1,1,1,1,1,1,1,1,1,1,1.01,0,0,0,0,0,0,1,1,1.1,1,1,1,1.5,1
4102,281,1.13,1.2,1.2,1.2,1.2,1,1,1.16,1.16,1,1,1,1,1,1,1,1,1,1,1.02,0,0,0,0,0,0,2,2,1.2,1,1,1,1.75,1
4103,282,1.22,1.3,1.3,1.3,1.3,1,1,1.19,1.19,1,1,1,1,1,1,1,1,1,1,1.03,0,0,0,0,0,0,3,3,1.3,1,1,1,2,1
4104,283,1.31,1.4,1.4,1.4,1.4,1,1,1.21,1.21,1,1,1,1,1,1,1,1,1,1,1.04,0,0,0,0,0,0,4,4,1.4,1,1,1,2.25,1
4105,284,1.4,1.5,1.5,1.5,1.5,1,1,1.22,1.22,1,1,1,1,1,1,1,1,1,1,1.05,0,0,0,0,0,0,5,5,1.5,1,1,1,2.5,1
4106,285,1.49,1.6,1.6,1.6,1.6,1,1,1.23,1.23,1,1,1,1,1,1,1,1,1,1,1.06,0,0,0,0,0,0,6,6,1.6,1,1,1,2.75,1
4107,286,1.58,1.7,1.7,1.7,1.7,1,1,1.24,1.24,1,1,1,1,1,1,1,1,1,1,1.07,0,0,0,0,0,0,7,7,1.7,1,1,1,3,1
4108,287,1.67,1.8,1.8,1.8,1.8,1,1,1.25,1.25,1,1,1,1,1,1,1,1,1,1,1.08,0,0,0,0,0,0,8,8,1.8,1,1,1,3.25,1
4109,288,1.76,1.9,1.9,1.9,1.9,1,1,1.26,1.26,1,1,1,1,1,1,1,1,1,1,1.09,0,0,0,0,0,0,9,9,1.9,1,1,1,3.5,1
4110,289,1.85,2,2,2,2,1,1,1.25,1.25,1,1,1,1,1,1,1,1,1,1,1.1,0,0,0,0,0,0,10,10,2,1,1,1,4,1
4500,290,1.1,1.1,1.1,1.1,1,1,1,1,1,1,1,1,1,1,1,1,1,1,1,1,0,0,0,0,0,0,0,0,1.1,1,1,1,1,1
4501,291,1.28,1.28,1.28,1.28,1.2,1,1,1.08,1.08,1.08,1.08,1,1,1,1,1,1,1,1,1,0,0,0,0,0,0,1,2,1.28,1,1.08,1,1,1
4502,292,1.46,1.46,1.46,1.46,1.4,1,1,1.16,1.16,1.16,1.16,1,1,1,1,1,1,1,1,1,0,0,0,0,0,0,2,4,1.46,1,1.16,1,1.6,1
4503,293,1.64,1.64,1.64,1.64,1.6,1,1,1.24,1.24,1.24,1.24,1,1,1,1,1,1,1,1,1,0,0,0,0,0,0,3,6,1.64,1,1.24,1,2.2,1
4504,294,1.82,1.82,1.82,1.82,1.8,1,1,1.32,1.32,1.32,1.32,1,1,1,1,1,1,1,1,1,0,0,0,0,0,0,4,8,1.82,1,1.32,1,2.8,1
4505,295,2,2,2,2,2,1,1,1.4,1.4,1.4,1.4,1,1,1,1,1,1,1,1,1,0,0,0,0,0,0,5,10,2,1,1.4,1,4,1
4600,296,1.15,1.15,1.15,1.15,1,1,1,1,1,1,1,1,1,1,1,1,1,1,1,1,0,0,0,0,0,0,0,0,1.15,1,1,1,1,1
4601,297,1.28,1.28,1.28,1.28,1.2,1,1,1.08,1.08,1.08,1.08,1,1,1,1,1,1,1,1,1,0,0,0,0,0,0,1,2,1.28,1,1.08,1,1,1
4602,298,1.37,1.37,1.37,1.37,1.4,1,1,1.16,1.16,1.16,1.16,1,1,1,1,1,1,1,1,1,0,0,0,0,0,0,2,4,1.37,1,1.16,1,1.4,1
4603,299,1.6,1.6,1.6,1.6,1.6,1,1,1.24,1.24,1.24,1.24,1,1,1,1,1,1,1,1,1,0,0,0,0,0,0,3,6,1.6,1,1.24,1,1.8,1
4604,300,1.8,1.8,1.8,1.8,1.8,1,1,1.32,1.32,1.32,1.32,1,1,1,1,1,1,1,1,1,0,0,0,0,0,0,4,8,1.8,1,1.32,1,2.2,1
4605,301,2,2,2,2,2,1,1,1.4,1.4,1.4,1.4,1,1,1,1,1,1,1,1,1,0,0,0,0,0,0,5,10,2,1,1.4,1,3,1
5000,302,0.95,1,1,1,1,1,1,0.95,1.6,1,1,1,1,1,1,1,1,1,1,1,0,0,0,0,0,0,0,0,1,1,1,1,1.5,1
5001,303,1.04,1.1,1.1,1.1,1.1,1,1,0.98,1.69,1.07,1.07,1,1,1,1,1,1,1,1,1.01,0,0,0,0,0,0,1,1,1.1,1,1,1,1.5,1
5002,304,1.13,1.2,1.2,1.2,1.2,1,1,1.01,1.78,1.14,1.14,1,1,1,1,1,1,1,1,1.02,0,0,0,0,0,0,2,2,1.2,1,1,1,1.75,1
5003,305,1.22,1.3,1.3,1.3,1.3,1,1,1.04,1.87,1.21,1.21,1,1,1,1,1,1,1,1,1.03,0,0,0,0,0,0,3,3,1.3,1,1,1,2,1
5004,306,1.31,1.4,1.4,1.4,1.4,1,1,1.06,1.96,1.29,1.29,1,1,1,1,1,1,1,1,1.04,0,0,0,0,0,0,4,4,1.4,1,1,1,2.25,1
5005,307,1.4,1.5,1.5,1.5,1.5,1,1,1.07,1.98,1.31,1.31,1,1,1,1,1,1,1,1,1.05,0,0,0,0,0,0,5,5,1.5,1,1,1,2.5,1
5006,308,1.49,1.6,1.6,1.6,1.6,1,1,1.08,2,1.33,1.33,1,1,1,1,1,1,1,1,1.06,0,0,0,0,0,0,6,6,1.6,1,1,1,2.75,1
5007,309,1.58,1.7,1.7,1.7,1.7,1,1,1.09,2.02,1.35,1.35,1,1,1,1,1,1,1,1,1.07,0,0,0,0,0,0,7,7,1.7,1,1,1,3,1
5008,310,1.67,1.8,1.8,1.8,1.8,1,1,1.1,2.04,1.37,1.37,1,1,1,1,1,1,1,1,1.08,0,0,0,0,0,0,8,8,1.8,1,1,1,3.25,1
5009,311,1.76,1.9,1.9,1.9,1.9,1,1,1.11,2.06,1.39,1.39,1,1,1,1,1,1,1,1,1.09,0,0,0,0,0,0,9,9,1.9,1,1,1,3.5,1
5010,312,1.85,2,2,2,2,1,1,1.1,2.1,1.4,1.4,1,1,1,1,1,1,1,1,1.1,0,0,0,0,0,0,10,10,2,1,1,1,4,1
6000,313,0.95,1,1,1,1,1,1,1.5,0,1,1,1,1,1,1,1,1,1,1,1,0,0,0,0,0,0,0,0,1,1,1,1,1.5,1
6001,314,1.04,1.1,1.1,1.1,1.1,1,1,1.61,0,1,1,1,1,1,1,1,1,1,1,1.01,0,0,0,0,0,0,1,1,1.1,1,1,1,1.5,1
6002,315,1.13,1.2,1.2,1.2,1.2,1,1,1.72,0,1,1,1,1,1,1,1,1,1,1,1.02,0,0,0,0,0,0,2,2,1.2,1,1,1,1.75,1
6003,316,1.22,1.3,1.3,1.3,1.3,1,1,1.83,0,1,1,1,1,1,1,1,1,1,1,1.03,0,0,0,0,0,0,3,3,1.3,1,1,1,2,1
6004,317,1.31,1.4,1.4,1.4,1.4,1,1,1.93,0,1,1,1,1,1,1,1,1,1,1,1.04,0,0,0,0,0,0,4,4,1.4,1,1,1,2.25,1
6005,318,1.4,1.5,1.5,1.5,1.5,1,1,1.96,0,1,1,1,1,1,1,1,1,1,1,1.05,0,0,0,0,0,0,5,5,1.5,1,1,1,2.5,1
6006,319,1.49,1.6,1.6,1.6,1.6,1,1,1.99,0,1,1,1,1,1,1,1,1,1,1,1.06,0,0,0,0,0,0,6,6,1.6,1,1,1,2.75,1
6007,320,1.58,1.7,1.7,1.7,1.7,1,1,2.02,0,1,1,1,1,1,1,1,1,1,1,1.07,0,0,0,0,0,0,7,7,1.7,1,1,1,3,1
6008,321,1.67,1.8,1.8,1.8,1.8,1,1,2.05,0,1,1,1,1,1,1,1,1,1,1,1.08,0,0,0,0,0,0,8,8,1.8,1,1,1,3.25,1
6009,322,1.76,1.9,1.9,1.9,1.9,1,1,2.08,0,1,1,1,1,1,1,1,1,1,1,1.09,0,0,0,0,0,0,9,9,1.9,1,1,1,3.5,1
6010,323,1.85,2,2,2,2,1,1,2.1,0,1,1,1,1,1,1,1,1,1,1,1.1,0,0,0,0,0,0,10,10,2,1,1,1,4,1
6100,324,0.95,1,1,1,1,1,1,1.3,1.3,1,1,1,1,1,1,1,1,1,1,1,0,0,0,0,0,0,0,0,1,1,1,1,1.5,1
6101,325,1.03,1.1,1.1,1.1,1.1,1,1,1.39,1.39,1,1,1,1,1,1,1,1,1,1,1.01,0,0,0,0,0,0,1,1,1.1,1,1,1,1.5,1
6102,326,1.11,1.2,1.2,1.2,1.2,1,1,1.48,1.48,1,1,1,1,1,1,1,1,1,1,1.02,0,0,0,0,0,0,2,2,1.2,1,1,1,1.75,1
6103,327,1.19,1.3,1.3,1.3,1.3,1,1,1.57,1.57,1,1,1,1,1,1,1,1,1,1,1.03,0,0,0,0,0,0,3,3,1.3,1,1,1,2,1
6104,328,1.27,1.4,1.4,1.4,1.4,1,1,1.66,1.66,1,1,1,1,1,1,1,1,1,1,1.04,0,0,0,0,0,0,4,4,1.4,1,1,1,2.25,1
6105,329,1.35,1.5,1.5,1.5,1.5,1,1,1.68,1.68,1,1,1,1,1,1,1,1,1,1,1.05,0,0,0,0,0,0,5,5,1.5,1,1,1,2.5,1
6106,330,1.43,1.6,1.6,1.6,1.6,1,1,1.7,1.7,1,1,1,1,1,1,1,1,1,1,1.06,0,0,0,0,0,0,6,6,1.6,1,1,1,2.75,1
6107,331,1.51,1.7,1.7,1.7,1.7,1,1,1.72,1.72,1,1,1,1,1,1,1,1,1,1,1.07,0,0,0,0,0,0,7,7,1.7,1,1,1,3,1
6108,332,1.59,1.8,1.8,1.8,1.8,1,1,1.74,1.74,1,1,1,1,1,1,1,1,1,1,1.08,0,0,0,0,0,0,8,8,1.8,1,1,1,3.25,1
6109,333,1.67,1.9,1.9,1.9,1.9,1,1,1.76,1.76,1,1,1,1,1,1,1,1,1,1,1.09,0,0,0,0,0,0,9,9,1.9,1,1,1,3.5,1
6110,334,1.75,2,2,2,2,1,1,1.8,1.8,1,1,1,1,1,1,1,1,1,1,1.1,0,0,0,0,0,0,10,10,2,1,1,1,4,1
6200,335,0.95,1,1,1,1,1,1,1.5,0,1,1,1,1,1,1,1,1,1,1,1,0,0,0,0,0,0,0,0,1,1,1,1,1.5,1
6201,336,1.04,1.1,1.1,1.1,1.1,1,1,1.61,0,1,1,1,1,1,1,1,1,1,1,1.01,0,0,0,0,0,0,1,1,1.1,1,1,1,1.5,1
6202,337,1.13,1.2,1.2,1.2,1.2,1,1,1.72,0,1,1,1,1,1,1,1,1,1,1,1.02,0,0,0,0,0,0,2,2,1.2,1,1,1,1.75,1
6203,338,1.22,1.3,1.3,1.3,1.3,1,1,1.83,0,1,1,1,1,1,1,1,1,1,1,1.03,0,0,0,0,0,0,3,3,1.3,1,1,1,2,1
6204,339,1.31,1.4,1.4,1.4,1.4,1,1,1.93,0,1,1,1,1,1,1,1,1,1,1,1.04,0,0,0,0,0,0,4,4,1.4,1,1,1,2.25,1
6205,340,1.4,1.5,1.5,1.5,1.5,1,1,1.96,0,1,1,1,1,1,1,1,1,1,1,1.05,0,0,0,0,0,0,5,5,1.5,1,1,1,2.5,1
6206,341,1.49,1.6,1.6,1.6,1.6,1,1,1.99,0,1,1,1,1,1,1,1,1,1,1,1.06,0,0,0,0,0,0,6,6,1.6,1,1,1,2.75,1
6207,342,1.58,1.7,1.7,1.7,1.7,1,1,2.02,0,1,1,1,1,1,1,1,1,1,1,1.07,0,0,0,0,0,0,7,7,1.7,1,1,1,3,1
6208,343,1.67,1.8,1.8,1.8,1.8,1,1,2.05,0,1,1,1,1,1,1,1,1,1,1,1.08,0,0,0,0,0,0,8,8,1.8,1,1,1,3.25,1
6209,344,1.76,1.9,1.9,1.9,1.9,1,1,2.08,0,1,1,1,1,1,1,1,1,1,1,1.09,0,0,0,0,0,0,9,9,1.9,1,1,1,3.5,1
6210,345,1.85,2,2,2,2,1,1,2.1,0,1,1,1,1,1,1,1,1,1,1,1.1,0,0,0,0,0,0,10,10,2,1,1,1,4,1
6300,346,0.95,1,1,1,1,1,1,0.95,1.5,1,1,1,1,1,1,1,1,1,1,1,0,0,0,0,0,0,0,0,1,1,1,1,1.5,1
6301,347,1.04,1.1,1.1,1.1,1.1,1,1,0.98,1.61,1.07,1.07,1,1,1,1,1,1,1,1,1.01,0,0,0,0,0,0,1,1,1.1,1,1,1,1.5,1
6302,348,1.13,1.2,1.2,1.2,1.2,1,1,1.01,1.72,1.14,1.14,1,1,1,1,1,1,1,1,1.02,0,0,0,0,0,0,2,2,1.2,1,1,1,1.75,1
6303,349,1.22,1.3,1.3,1.3,1.3,1,1,1.04,1.83,1.21,1.21,1,1,1,1,1,1,1,1,1.03,0,0,0,0,0,0,3,3,1.3,1,1,1,2,1
6304,350,1.31,1.4,1.4,1.4,1.4,1,1,1.06,1.93,1.29,1.29,1,1,1,1,1,1,1,1,1.04,0,0,0,0,0,0,4,4,1.4,1,1,1,2.25,1
6305,351,1.4,1.5,1.5,1.5,1.5,1,1,1.07,1.96,1.31,1.31,1,1,1,1,1,1,1,1,1.05,0,0,0,0,0,0,5,5,1.5,1,1,1,2.5,1
6306,352,1.49,1.6,1.6,1.6,1.6,1,1,1.08,1.99,1.33,1.33,1,1,1,1,1,1,1,1,1.06,0,0,0,0,0,0,6,6,1.6,1,1,1,2.75,1
6307,353,1.58,1.7,1.7,1.7,1.7,1,1,1.09,2.02,1.35,1.35,1,1,1,1,1,1,1,1,1.07,0,0,0,0,0,0,7,7,1.7,1,1,1,3,1
6308,354,1.67,1.8,1.8,1.8,1.8,1,1,1.1,2.05,1.37,1.37,1,1,1,1,1,1,1,1,1.08,0,0,0,0,0,0,8,8,1.8,1,1,1,3.25,1
6309,355,1.76,1.9,1.9,1.9,1.9,1,1,1.11,2.08,1.39,1.39,1,1,1,1,1,1,1,1,1.09,0,0,0,0,0,0,9,9,1.9,1,1,1,3.5,1
6310,356,1.85,2,2,2,2,1,1,1.1,2.1,1.4,1.4,1,1,1,1,1,1,1,1,1.1,0,0,0,0,0,0,10,10,2,1,1,1,4,1
7000,357,0.98,1,1,1,1,1,1,1.6,0,1,1,1,1,1,1,1,1,1,1,1,0,0,0,0,0,0,0,0,1,1,1,1,1.5,1
7001,358,1.067,1.1,1.1,1.1,1.1,1,1,1.66,0,1.05,1.05,1,1,1,1,1,1,1,1,1.01,0,0,0,0,0,0,1,1,1.1,1,1,1,1.5,1
7002,359,1.154,1.2,1.2,1.2,1.2,1,1,1.72,0,1.1,1.1,1,1,1,1,1,1,1,1,1.02,0,0,0,0,0,0,2,2,1.2,1,1,1,1.75,1
7003,360,1.241,1.3,1.3,1.3,1.3,1,1,1.78,0,1.15,1.15,1,1,1,1,1,1,1,1,1.03,0,0,0,0,0,0,3,3,1.3,1,1,1,2,1
7004,361,1.328,1.4,1.4,1.4,1.4,1,1,1.85,0,1.2,1.2,1,1,1,1,1,1,1,1,1.04,0,0,0,0,0,0,4,4,1.4,1,1,1,2.25,1
7005,362,1.415,1.5,1.5,1.5,1.5,1,1,1.89,0,1.23,1.23,1,1,1,1,1,1,1,1,1.05,0,0,0,0,0,0,5,5,1.5,1,1,1,2.5,1
7006,363,1.502,1.6,1.6,1.6,1.6,1,1,1.93,0,1.26,1.26,1,1,1,1,1,1,1,1,1.06,0,0,0,0,0,0,6,6,1.6,1,1,1,2.75,1
7007,364,1.589,1.7,1.7,1.7,1.7,1,1,1.97,0,1.29,1.29,1,1,1,1,1,1,1,1,1.07,0,0,0,0,0,0,7,7,1.7,1,1,1,3,1
7008,365,1.676,1.8,1.8,1.8,1.8,1,1,2.01,0,1.32,1.32,1,1,1,1,1,1,1,1,1.08,0,0,0,0,0,0,8,8,1.8,1,1,1,3.25,1
7009,366,1.763,1.9,1.9,1.9,1.9,1,1,2.05,0,1.35,1.35,1,1,1,1,1,1,1,1,1.09,0,0,0,0,0,0,9,9,1.9,1,1,1,3.5,1
7010,367,1.85,2,2,2,2,1,1,2.1,0,1.4,1.4,1,1,1,1,1,1,1,1,1.1,0,0,0,0,0,0,10,10,2,1,1,1,4,1
8000,368,1,1,1,1,1,1,1,1,1,1,1,1,1,1,1,1,1,1,1,1,0,0,0,0,0,0,0,0,1,1,1,1,1,1
8001,369,1.1,1.1,1.1,1.1,1.1,1,1,1.05,1.05,1.05,1.05,1,1,1,1,1,1,1,1,1.032,0,0,0,0,0,0,1,1,1.1,1,1.05,1,1,1
8002,370,1.2,1.2,1.2,1.2,1.2,1,1,1.1,1.1,1.1,1.1,1,1,1,1,1,1,1,1,1.064,0,0,0,0,0,0,2,2,1.2,1,1.1,1,1.2,1
8003,371,1.3,1.3,1.3,1.3,1.3,1,1,1.15,1.15,1.15,1.15,1,1,1,1,1,1,1,1,1.096,0,0,0,0,0,0,3,3,1.3,1,1.15,1,1.4,1
8004,372,1.4,1.4,1.4,1.4,1.4,1,1,1.2,1.2,1.2,1.2,1,1,1,1,1,1,1,1,1.128,0,0,0,0,0,0,4,4,1.4,1,1.2,1,1.6,1
8005,373,1.5,1.5,1.5,1.5,1.5,1,1,1.23,1.23,1.23,1.23,1,1,1,1,1,1,1,1,1.16,0,0,0,0,0,0,5,5,1.5,1,1.23,1,1.8,1
8006,374,1.6,1.6,1.6,1.6,1.6,1,1,1.26,1.26,1.26,1.26,1,1,1,1,1,1,1,1,1.192,0,0,0,0,0,0,6,6,1.6,1,1.26,1,2,1
8007,375,1.7,1.7,1.7,1.7,1.7,1,1,1.29,1.29,1.29,1.29,1,1,1,1,1,1,1,1,1.224,0,0,0,0,0,0,7,7,1.7,1,1.29,1,2.2,1
8008,376,1.8,1.8,1.8,1.8,1.8,1,1,1.32,1.32,1.32,1.32,1,1,1,1,1,1,1,1,1.256,0,0,0,0,0,0,8,8,1.8,1,1.32,1,2.4,1
8009,377,1.9,1.9,1.9,1.9,1.9,1,1,1.35,1.35,1.35,1.35,1,1,1,1,1,1,1,1,1.288,0,0,0,0,0,0,9,9,1.9,1,1.35,1,2.6,1
8010,378,2,2,2,2,2,1,1,1.4,1.4,1.4,1.4,1,1,1,1,1,1,1,1,1.32,0,0,0,0,0,0,10,10,2,1,1.4,1,3,1
8100,379,1,1,1,1,1,1,1,1,1,1,1,1,1,1,1,1,1,1,1,1,0,0,0,0,0,0,0,0,1,1,1,1,1,1
8101,380,1.1,1.1,1.1,1.1,1.1,1,1,1.05,1.05,1.05,1.05,1,1,1,1,1,1,1,1,1.03,0,0,0,0,0,0,1,1,1.1,1,1.05,1,1,1
8102,381,1.2,1.2,1.2,1.2,1.2,1,1,1.1,1.1,1.1,1.1,1,1,1,1,1,1,1,1,1.06,0,0,0,0,0,0,2,2,1.2,1,1.1,1,1.2,1
8103,382,1.3,1.3,1.3,1.3,1.3,1,1,1.15,1.15,1.15,1.15,1,1,1,1,1,1,1,1,1.09,0,0,0,0,0,0,3,3,1.3,1,1.15,1,1.4,1
8104,383,1.4,1.4,1.4,1.4,1.4,1,1,1.2,1.2,1.2,1.2,1,1,1,1,1,1,1,1,1.12,0,0,0,0,0,0,4,4,1.4,1,1.2,1,1.6,1
8105,384,1.5,1.5,1.5,1.5,1.5,1,1,1.23,1.23,1.23,1.23,1,1,1,1,1,1,1,1,1.14,0,0,0,0,0,0,5,5,1.5,1,1.23,1,1.8,1
8106,385,1.6,1.6,1.6,1.6,1.6,1,1,1.26,1.26,1.26,1.26,1,1,1,1,1,1,1,1,1.16,0,0,0,0,0,0,6,6,1.6,1,1.26,1,2,1
8107,386,1.7,1.7,1.7,1.7,1.7,1,1,1.29,1.29,1.29,1.29,1,1,1,1,1,1,1,1,1.18,0,0,0,0,0,0,7,7,1.7,1,1.29,1,2.2,1
8108,387,1.8,1.8,1.8,1.8,1.8,1,1,1.32,1.32,1.32,1.32,1,1,1,1,1,1,1,1,1.2,0,0,0,0,0,0,8,8,1.8,1,1.32,1,2.4,1
8109,388,1.9,1.9,1.9,1.9,1.9,1,1,1.35,1.35,1.35,1.35,1,1,1,1,1,1,1,1,1.22,0,0,0,0,0,0,9,9,1.9,1,1.35,1,2.6,1
8110,389,2,2,2,2,2,1,1,1.4,1.4,1.4,1.4,1,1,1,1,1,1,1,1,1.23,0,0,0,0,0,0,10,10,2,1,1.4,1,3,1
8200,390,1,1,1,1,1,1,1,1,1,1,1,1,1,1,1,1,1,1,1,1,0,0,0,0,0,0,0,0,1,1,1,1,1,1
8201,391,1.1,1.1,1.1,1.1,1.1,1,1,1.05,1.05,1.05,1.05,1,1,1,1,1,1,1,1,1.02,0,0,0,0,0,0,1,1,1.1,1,1.05,1,1,1
8202,392,1.2,1.2,1.2,1.2,1.2,1,1,1.1,1.1,1.1,1.1,1,1,1,1,1,1,1,1,1.04,0,0,0,0,0,0,2,2,1.2,1,1.1,1,1.2,1
8203,393,1.3,1.3,1.3,1.3,1.3,1,1,1.15,1.15,1.15,1.15,1,1,1,1,1,1,1,1,1.06,0,0,0,0,0,0,3,3,1.3,1,1.15,1,1.4,1
8204,394,1.4,1.4,1.4,1.4,1.4,1,1,1.2,1.2,1.2,1.2,1,1,1,1,1,1,1,1,1.06,0,0,0,0,0,0,4,4,1.4,1,1.2,1,1.6,1
8205,395,1.5,1.5,1.5,1.5,1.5,1,1,1.23,1.23,1.23,1.23,1,1,1,1,1,1,1,1,1.07,0,0,0,0,0,0,5,5,1.5,1,1.23,1,1.8,1
8206,396,1.6,1.6,1.6,1.6,1.6,1,1,1.26,1.26,1.26,1.26,1,1,1,1,1,1,1,1,1.08,0,0,0,0,0,0,6,6,1.6,1,1.26,1,2,1
8207,397,1.7,1.7,1.7,1.7,1.7,1,1,1.29,1.29,1.29,1.29,1,1,1,1,1,1,1,1,1.09,0,0,0,0,0,0,7,7,1.7,1,1.29,1,2.2,1
8208,398,1.8,1.8,1.8,1.8,1.8,1,1,1.32,1.32,1.32,1.32,1,1,1,1,1,1,1,1,1.1,0,0,0,0,0,0,8,8,1.8,1,1.32,1,2.4,1
8209,399,1.9,1.9,1.9,1.9,1.9,1,1,1.35,1.35,1.35,1.35,1,1,1,1,1,1,1,1,1.11,0,0,0,0,0,0,9,9,1.9,1,1.35,1,2.6,1
8210,400,2,2,2,2,2,1,1,1.4,1.4,1.4,1.4,1,1,1,1,1,1,1,1,1.12,0,0,0,0,0,0,10,10,2,1,1.4,1,3,1
8300,401,1.15,1.15,1.15,1.15,1,1,1,1,1,1,1,1,1,1,1,1,1,1,1,1,0,0,0,0,0,0,0,0,1.15,1,1,1,1,1
8301,402,1.28,1.28,1.28,1.28,1.2,1,1,1.08,1.08,1.08,1.08,1,1,1,1,1,1,1,1,1.02,0,0,0,0,0,0,1,2,1.28,1,1.08,1,1,1
8302,403,1.37,1.37,1.37,1.37,1.4,1,1,1.16,1.16,1.16,1.16,1,1,1,1,1,1,1,1,1.03,0,0,0,0,0,0,2,4,1.37,1,1.16,1,1.4,1
8303,404,1.6,1.6,1.6,1.6,1.6,1,1,1.24,1.24,1.24,1.24,1,1,1,1,1,1,1,1,1.04,0,0,0,0,0,0,3,6,1.6,1,1.24,1,1.8,1
8304,405,1.8,1.8,1.8,1.8,1.8,1,1,1.32,1.32,1.32,1.32,1,1,1,1,1,1,1,1,1.06,0,0,0,0,0,0,4,8,1.8,1,1.32,1,2.2,1
8305,406,2,2,2,2,2,1,1,1.4,1.4,1.4,1.4,1,1,1,1,1,1,1,1,1.07,0,0,0,0,0,0,5,10,2,1,1.4,1,3,1
8400,407,1.1,1.1,1.1,1.1,1,1,1,1,1,1,1,1,1,1,1,1,1,1,1,1,0,0,0,0,0,0,0,0,1.1,1,1,1,1,1
8401,408,1.28,1.28,1.28,1.28,1.2,1,1,1.08,1.08,1.08,1.08,1,1,1,1,1,1,1,1,1.02,0,0,0,0,0,0,1,2,1.28,1,1.08,1,1,1
8402,409,1.46,1.46,1.46,1.46,1.4,1,1,1.16,1.16,1.16,1.16,1,1,1,1,1,1,1,1,1.03,0,0,0,0,0,0,2,4,1.46,1,1.16,1,1.6,1
8403,410,1.64,1.64,1.64,1.64,1.6,1,1,1.24,1.24,1.24,1.24,1,1,1,1,1,1,1,1,1.04,0,0,0,0,0,0,3,6,1.64,1,1.24,1,2.2,1
8404,411,1.82,1.82,1.82,1.82,1.8,1,1,1.32,1.32,1.32,1.32,1,1,1,1,1,1,1,1,1.06,0,0,0,0,0,0,4,8,1.82,1,1.32,1,2.8,1
8405,412,2,2,2,2,2,1,1,1.4,1.4,1.4,1.4,1,1,1,1,1,1,1,1,1.07,0,0,0,0,0,0,5,10,2,1,1.4,1,4,1
8500,413,1.15,1.15,1.15,1.15,1,1,1,1,1,1,1,1,1,1,1,1,1,1,1,1,0,0,0,0,0,0,0,0,1.15,1,1,1,1,1
8501,414,1.28,1.28,1.28,1.28,1.2,1,1,1.08,1.08,1.08,1.08,1,1,1,1,1,1,1,1,1.03,0,0,0,0,0,0,1,2,1.28,1,1.08,1,1,1
8502,415,1.37,1.37,1.37,1.37,1.4,1,1,1.16,1.16,1.16,1.16,1,1,1,1,1,1,1,1,1.06,0,0,0,0,0,0,2,4,1.37,1,1.16,1,1.4,1
8503,416,1.6,1.6,1.6,1.6,1.6,1,1,1.24,1.24,1.24,1.24,1,1,1,1,1,1,1,1,1.09,0,0,0,0,0,0,3,6,1.6,1,1.24,1,1.8,1
8504,417,1.8,1.8,1.8,1.8,1.8,1,1,1.32,1.32,1.32,1.32,1,1,1,1,1,1,1,1,1.12,0,0,0,0,0,0,4,8,1.8,1,1.32,1,2.2,1
8505,418,2,2,2,2,2,1,1,1.4,1.4,1.4,1.4,1,1,1,1,1,1,1,1,1.15,0,0,0,0,0,0,5,10,2,1,1.4,1,3,1
8600,419,1.1,1.1,1.1,1.1,1,1,1,1,1,1,1,1,1,1,1,1,1,1,1,1,0,0,0,0,0,0,0,0,1.1,1,1,1,1,1
8601,420,1.28,1.28,1.28,1.28,1.2,1,1,1.08,1.08,1.08,1.08,1,1,1,1,1,1,1,1,1.01,0,0,0,0,0,0,1,2,1.28,1,1.08,1,1,1
8602,421,1.46,1.46,1.46,1.46,1.4,1,1,1.16,1.16,1.16,1.16,1,1,1,1,1,1,1,1,1.02,0,0,0,0,0,0,2,4,1.46,1,1.16,1,1.6,1
8603,422,1.64,1.64,1.64,1.64,1.6,1,1,1.24,1.24,1.24,1.24,1,1,1,1,1,1,1,1,1.03,0,0,0,0,0,0,3,6,1.64,1,1.24,1,2.2,1
8604,423,1.82,1.82,1.82,1.82,1.8,1,1,1.32,1.32,1.32,1.32,1,1,1,1,1,1,1,1,1.04,0,0,0,0,0,0,4,8,1.82,1,1.32,1,2.8,1
8605,424,2,2,2,2,2,1,1,1.4,1.4,1.4,1.4,1,1,1,1,1,1,1,1,1.06,0,0,0,0,0,0,5,10,2,1,1.4,1,4,1
9000,425,1,1,1,1,1,1,1,1,1,1,1,1,1,1,1,1,1,1,1,1,0,0,0,0,0,0,0,0,1,1,1,1,1,1
9001,426,1.1,1.1,1.1,1.1,1.1,1,1,1.05,1.05,1.05,1.05,1,1,1,1,1,1,1,1,1.01,0,0,0,0,0,0,1,1,1.1,1,1.05,1,1,1
9002,427,1.2,1.2,1.2,1.2,1.2,1,1,1.1,1.1,1.1,1.1,1,1,1,1,1,1,1,1,1.02,0,0,0,0,0,0,2,2,1.2,1,1.1,1,1.2,1
9003,428,1.3,1.3,1.3,1.3,1.3,1,1,1.15,1.15,1.15,1.15,1,1,1,1,1,1,1,1,1.03,0,0,0,0,0,0,3,3,1.3,1,1.15,1,1.4,1
9004,429,1.4,1.4,1.4,1.4,1.4,1,1,1.2,1.2,1.2,1.2,1,1,1,1,1,1,1,1,1.04,0,0,0,0,0,0,4,4,1.4,1,1.2,1,1.6,1
9005,430,1.5,1.5,1.5,1.5,1.5,1,1,1.23,1.23,1.23,1.23,1,1,1,1,1,1,1,1,1.05,0,0,0,0,0,0,5,5,1.5,1,1.23,1,1.8,1
9006,431,1.6,1.6,1.6,1.6,1.6,1,1,1.26,1.26,1.26,1.26,1,1,1,1,1,1,1,1,1.06,0,0,0,0,0,0,6,6,1.6,1,1.26,1,2,1
9007,432,1.7,1.7,1.7,1.7,1.7,1,1,1.29,1.29,1.29,1.29,1,1,1,1,1,1,1,1,1.07,0,0,0,0,0,0,7,7,1.7,1,1.29,1,2.2,1
9008,433,1.8,1.8,1.8,1.8,1.8,1,1,1.32,1.32,1.32,1.32,1,1,1,1,1,1,1,1,1.08,0,0,0,0,0,0,8,8,1.8,1,1.32,1,2.4,1
9009,434,1.9,1.9,1.9,1.9,1.9,1,1,1.35,1.35,1.35,1.35,1,1,1,1,1,1,1,1,1.09,0,0,0,0,0,0,9,9,1.9,1,1.35,1,2.6,1
9010,435,2,2,2,2,2,1,1,1.4,1.4,1.4,1.4,1,1,1,1,1,1,1,1,1.1,0,0,0,0,0,0,10,10,2,1,1.4,1,3,1
